Workbook

Sheet ICI, GNewc, Delta
A2: Date | B2: ICI 1 | C2: ICI 2 | D2: ICI 3 | E2: ICI 4 | F2: ICI 5 | G2: NEWCASTLE | H2: CHANGE EVERY WEEK | N2: AVERAGE MONTHLY | S2: AVERAGE 2 WEEKS | X2: AVERAGE 4 WEEKS | AC2: CALCULATION | AG2: SOURCE PRICING
B3: 6500 | C3: 5800 | D3: 5000 | E3: 4200 | F3: 3400 | AG3: BME | AH3: BME | AI3: PTBA | AJ3: PTBA | AK3: ANZAWARA | AL3: ANZAWARA | AM3: MME | AN3: TRIOP FOBMV | AO3: AJE FOBMV | AP3: TRIOP | AQ3: PTBA | AR3: BAU
B4: 6200 | C4: 5500 | D4: 4600 | E4: 3800 | F4: 3000 | G4: 6322 | H4: ICI 1 | I4: ICI 2 | J4: ICI 3 | K4: ICI 4 | L4: ICI 5 | M4: NEWC | N4: ICI 1 | O4: ICI 2 | P4: ICI 3 | Q4: ICI 4 | R4: ICI 5 | S4: ICI 1 | T4: ICI 2 | U4: ICI 3 | V4: ICI 4 | W4: ICI 5 | X4: ICI 1 | Y4: ICI 2 | Z4: ICI 3 | AA4: ICI 4 | AB4: ICI 5 | AC4: ICI 1+2 | AD4: ICI 2+3 | AE4: ICI 3+4 | AF4: ICI 4+5 | AG4: SERELO | AH4: KUNGKILAN | AI4: 5000 GAR | AJ4: 48 MIND ID | AK4: EXP FOB B | AL4: DMO | AM4: S. SUM | AN4: 4200 GAR | AO4: 4100 GAR | AP4: 4200 GAR | AQ4: 50 MIND ID
A5: 40914 | B5: 114.24 | C5: 94.32 | D5: 75.2 | E5: 47.13 | F5: 36.15 | G5: 114.3 | S5: =(0+B5)/2 -> 57.12 | T5: =(0+C5)/2 -> 47.16 | U5: =(0+D5)/2 -> 37.6 | V5: =(0+E5)/2 -> 23.565 | W5: =(0+F5)/2 -> 18.075 | X5: =(0+0+0+0)/4 -> 0 | Y5: =(0+0+0+0)/4 -> 0 | Z5: =(0+0+0+0)/4 -> 0 | AA5: =(0+0+0+0)/4 -> 0 | AB5: =(0+0+0+0)/4 -> 0 | AC5: =(B5+C5)/2 -> 104.28 | AD5: =(C5+D5)/2 -> 84.76 | AE5: =(D5+E5)/2 -> 61.165 | AF5: =(E5+F5)/2 -> 41.64
A6: =A5+7 -> 40921 | B6: 115.39 | C6: 94.29 | D6: 74.89 | E6: 46.77 | F6: 36.19 | G6: 116.19 | H6: =B6-B5 -> 1.15 | I6: =C6-C5 -> -0.03 | J6: =D6-D5 -> -0.31 | K6: =E6-E5 -> -0.36 | L6: =F6-F5 -> 0.04 | S6: =(B5+B6)/2 -> 114.815 | T6: =(C5+C6)/2 -> 94.305 | U6: =(D6+D5)/2 -> 75.045 | V6: =(E5+E6)/2 -> 46.95 | W6: =(F5+F6)/2 -> 36.17 | X6: =(0+0+0+0)/4 -> 0 | Y6: =(0+0+0+0)/4 -> 0 | Z6: =(0+0+0+0)/4 -> 0 | AA6: =(0+0+0+0)/4 -> 0 | AB6: =(0+0+0+0)/4 -> 0 | AC6: =(B6+C6)/2 -> 104.84 | AD6: =(C6+D6)/2 -> 84.59 | AE6: =(D6+E6)/2 -> 60.83 | AF6: =(E6+F6)/2 -> 41.48
A7: =A6+7 -> 40928 | B7: 115.38 | C7: 94.07 | D7: 74.27 | E7: 46.72 | F7: 36.29 | G7: 116.53 | H7: =B7-B6 -> -0.01 | I7: =C7-C6 -> -0.22 | J7: =D7-D6 -> -0.62 | K7: =E7-E6 -> -0.05 | L7: =F7-F6 -> 0.1 | S7: =(B6+B7)/2 -> 115.385 | T7: =(C6+C7)/2 -> 94.18 | U7: =(D7+D6)/2 -> 74.58 | V7: =(E6+E7)/2 -> 46.745 | W7: =(F6+F7)/2 -> 36.24 | X7: =(0+0+0+0)/4 -> 0 | Y7: =(0+0+0+0)/4 -> 0 | Z7: =(0+0+0+0)/4 -> 0 | AA7: =(0+0+0+0)/4 -> 0 | AB7: =(0+0+0+0)/4 -> 0 | AC7: =(B7+C7)/2 -> 104.725 | AD7: =(C7+D7)/2 -> 84.17 | AE7: =(D7+E7)/2 -> 60.495 | AF7: =(E7+F7)/2 -> 41.505
A8: =A7+7 -> 40935 | B8: 117.54 | C8: 94.64 | D8: 75.14 | E8: 46.68 | F8: 36.19 | G8: 122.16 | H8: =B8-B7 -> 2.16 | I8: =C8-C7 -> 0.57 | J8: =D8-D7 -> 0.87 | K8: =E8-E7 -> -0.04 | L8: =F8-F7 -> -0.1 | S8: =(B7+B8)/2 -> 116.46 | T8: =(C7+C8)/2 -> 94.355 | U8: =(D8+D7)/2 -> 74.705 | V8: =(E7+E8)/2 -> 46.7 | W8: =(F7+F8)/2 -> 36.24 | X8: =(SUM(B5:B8))/4 -> 115.6375 | Y8: =(SUM(C5:C8))/4 -> 94.33 | Z8: =(SUM(D5:D8))/4 -> 74.875 | AA8: =(SUM(E5:E8))/4 -> 46.825 | AB8: =(SUM(F5:F8))/4 -> 36.205 | AC8: =(B8+C8)/2 -> 106.09 | AD8: =(C8+D8)/2 -> 84.89 | AE8: =(D8+E8)/2 -> 60.91 | AF8: =(E8+F8)/2 -> 41.435
A9: =A8+7 -> 40942 | B9: 117.46 | C9: 94.72 | D9: 75.27 | E9: 46.63 | F9: 36.27 | G9: 118.78 | H9: =B9-B8 -> -0.08 | I9: =C9-C8 -> 0.08 | J9: =D9-D8 -> 0.13 | K9: =E9-E8 -> -0.05 | L9: =F9-F8 -> 0.08 | S9: =(B8+B9)/2 -> 117.5 | T9: =(C8+C9)/2 -> 94.68 | U9: =(D9+D8)/2 -> 75.205 | V9: =(E8+E9)/2 -> 46.655 | W9: =(F8+F9)/2 -> 36.23 | X9: =(SUM(B6:B9))/4 -> 116.4425 | Y9: =(SUM(C6:C9))/4 -> 94.43 | Z9: =(SUM(D6:D9))/4 -> 74.8925 | AA9: =(SUM(E6:E9))/4 -> 46.7 | AB9: =(SUM(F6:F9))/4 -> 36.235 | AC9: =(B9+C9)/2 -> 106.09 | AD9: =(C9+D9)/2 -> 84.995 | AE9: =(D9+E9)/2 -> 60.95 | AF9: =(E9+F9)/2 -> 41.45
A10: =A9+7 -> 40949 | B10: 116.31 | C10: 95.72 | D10: 75.63 | E10: 47.2 | F10: 36.78 | G10: 117.32 | H10: =B10-B9 -> -1.15 | I10: =C10-C9 -> 1 | J10: =D10-D9 -> 0.36 | K10: =E10-E9 -> 0.57 | L10: =F10-F9 -> 0.51 | S10: =(B9+B10)/2 -> 116.885 | T10: =(C9+C10)/2 -> 95.22 | U10: =(D10+D9)/2 -> 75.45 | V10: =(E9+E10)/2 -> 46.915 | W10: =(F9+F10)/2 -> 36.525 | X10: =(SUM(B7:B10))/4 -> 116.6725 | Y10: =(SUM(C7:C10))/4 -> 94.7875 | Z10: =(SUM(D7:D10))/4 -> 75.0775 | AA10: =(SUM(E7:E10))/4 -> 46.8075 | AB10: =(SUM(F7:F10))/4 -> 36.3825 | AC10: =(B10+C10)/2 -> 106.015 | AD10: =(C10+D10)/2 -> 85.675 | AE10: =(D10+E10)/2 -> 61.415 | AF10: =(E10+F10)/2 -> 41.99
A11: =A10+7 -> 40956 | B11: 116.36 | C11: 94.51 | D11: 74.23 | E11: 46.84 | F11: 35.78 | G11: 118.89 | H11: =B11-B10 -> 0.05 | I11: =C11-C10 -> -1.21 | J11: =D11-D10 -> -1.4 | K11: =E11-E10 -> -0.36 | L11: =F11-F10 -> -1 | S11: =(B10+B11)/2 -> 116.335 | T11: =(C10+C11)/2 -> 95.115 | U11: =(D11+D10)/2 -> 74.93 | V11: =(E10+E11)/2 -> 47.02 | W11: =(F10+F11)/2 -> 36.28 | X11: =(SUM(B8:B11))/4 -> 116.9175 | Y11: =(SUM(C8:C11))/4 -> 94.8975 | Z11: =(SUM(D8:D11))/4 -> 75.0675 | AA11: =(SUM(E8:E11))/4 -> 46.8375 | AB11: =(SUM(F8:F11))/4 -> 36.255 | AC11: =(B11+C11)/2 -> 105.435 | AD11: =(C11+D11)/2 -> 84.37 | AE11: =(D11+E11)/2 -> 60.535 | AF11: =(E11+F11)/2 -> 41.31
A12: =A11+7 -> 40963 | B12: 116.07 | C12: 93.67 | D12: 73.29 | E12: 46.59 | F12: 35.79 | G12: 116.55 | H12: =B12-B11 -> -0.29 | I12: =C12-C11 -> -0.84 | J12: =D12-D11 -> -0.94 | K12: =E12-E11 -> -0.25 | L12: =F12-F11 -> 0.01 | S12: =(B11+B12)/2 -> 116.215 | T12: =(C11+C12)/2 -> 94.09 | U12: =(D12+D11)/2 -> 73.76 | V12: =(E11+E12)/2 -> 46.715 | W12: =(F11+F12)/2 -> 35.785 | X12: =(SUM(B9:B12))/4 -> 116.55 | Y12: =(SUM(C9:C12))/4 -> 94.655 | Z12: =(SUM(D9:D12))/4 -> 74.605 | AA12: =(SUM(E9:E12))/4 -> 46.815 | AB12: =(SUM(F9:F12))/4 -> 36.155 | AC12: =(B12+C12)/2 -> 104.87 | AD12: =(C12+D12)/2 -> 83.48 | AE12: =(D12+E12)/2 -> 59.94 | AF12: =(E12+F12)/2 -> 41.19
A13: =A12+7 -> 40970 | B13: 114.23 | C13: 92.76 | D13: 73.01 | E13: 46.11 | F13: 35.54 | G13: 111.07 | H13: =B13-B12 -> -1.84 | I13: =C13-C12 -> -0.91 | J13: =D13-D12 -> -0.28 | K13: =E13-E12 -> -0.48 | L13: =F13-F12 -> -0.25 | S13: =(B12+B13)/2 -> 115.15 | T13: =(C12+C13)/2 -> 93.215 | U13: =(D13+D12)/2 -> 73.15 | V13: =(E12+E13)/2 -> 46.35 | W13: =(F12+F13)/2 -> 35.665 | X13: =(SUM(B10:B13))/4 -> 115.7425 | Y13: =(SUM(C10:C13))/4 -> 94.165 | Z13: =(SUM(D10:D13))/4 -> 74.04 | AA13: =(SUM(E10:E13))/4 -> 46.685 | AB13: =(SUM(F10:F13))/4 -> 35.9725 | AC13: =(B13+C13)/2 -> 103.495 | AD13: =(C13+D13)/2 -> 82.885 | AE13: =(D13+E13)/2 -> 59.56 | AF13: =(E13+F13)/2 -> 40.825
A14: =A13+7 -> 40977 | B14: 111.65 | C14: 91.6 | D14: 72.21 | E14: 45.46 | F14: 35.17 | G14: 111.65 | H14: =B14-B13 -> -2.58 | I14: =C14-C13 -> -1.16 | J14: =D14-D13 -> -0.8 | K14: =E14-E13 -> -0.65 | L14: =F14-F13 -> -0.37 | S14: =(B13+B14)/2 -> 112.94 | T14: =(C13+C14)/2 -> 92.18 | U14: =(D14+D13)/2 -> 72.61 | V14: =(E13+E14)/2 -> 45.785 | W14: =(F13+F14)/2 -> 35.355 | X14: =(SUM(B11:B14))/4 -> 114.5775 | Y14: =(SUM(C11:C14))/4 -> 93.135 | Z14: =(SUM(D11:D14))/4 -> 73.185 | AA14: =(SUM(E11:E14))/4 -> 46.25 | AB14: =(SUM(F11:F14))/4 -> 35.57 | AC14: =(B14+C14)/2 -> 101.625 | AD14: =(C14+D14)/2 -> 81.905 | AE14: =(D14+E14)/2 -> 58.835 | AF14: =(E14+F14)/2 -> 40.315
A15: =A14+7 -> 40984 | B15: 109.76 | C15: 91.19 | D15: 71.6 | E15: 44.13 | F15: 34.99 | G15: 105.24 | H15: =B15-B14 -> -1.89 | I15: =C15-C14 -> -0.41 | J15: =D15-D14 -> -0.61 | K15: =E15-E14 -> -1.33 | L15: =F15-F14 -> -0.18 | S15: =(B14+B15)/2 -> 110.705 | T15: =(C14+C15)/2 -> 91.395 | U15: =(D15+D14)/2 -> 71.905 | V15: =(E14+E15)/2 -> 44.795 | W15: =(F14+F15)/2 -> 35.08 | X15: =(SUM(B12:B15))/4 -> 112.9275 | Y15: =(SUM(C12:C15))/4 -> 92.305 | Z15: =(SUM(D12:D15))/4 -> 72.5275 | AA15: =(SUM(E12:E15))/4 -> 45.5725 | AB15: =(SUM(F12:F15))/4 -> 35.3725 | AC15: =(B15+C15)/2 -> 100.475 | AD15: =(C15+D15)/2 -> 81.395 | AE15: =(D15+E15)/2 -> 57.865 | AF15: =(E15+F15)/2 -> 39.56
A16: =A15+7 -> 40991 | B16: 109.78 | C16: 90.5 | D16: 71.59 | E16: 44.6 | F16: 34.73 | G16: 105.2 | H16: =B16-B15 -> 0.02 | I16: =C16-C15 -> -0.69 | J16: =D16-D15 -> -0.01 | K16: =E16-E15 -> 0.47 | L16: =F16-F15 -> -0.26 | S16: =(B15+B16)/2 -> 109.77 | T16: =(C15+C16)/2 -> 90.845 | U16: =(D16+D15)/2 -> 71.595 | V16: =(E15+E16)/2 -> 44.365 | W16: =(F15+F16)/2 -> 34.86 | X16: =(SUM(B13:B16))/4 -> 111.355 | Y16: =(SUM(C13:C16))/4 -> 91.5125 | Z16: =(SUM(D13:D16))/4 -> 72.1025 | AA16: =(SUM(E13:E16))/4 -> 45.075 | AB16: =(SUM(F13:F16))/4 -> 35.1075 | AC16: =(B16+C16)/2 -> 100.14 | AD16: =(C16+D16)/2 -> 81.045 | AE16: =(D16+E16)/2 -> 58.095 | AF16: =(E16+F16)/2 -> 39.665
A17: =A16+7 -> 40998 | B17: 109.63 | C17: 90.82 | D17: 71.7 | E17: 44.9 | F17: 34.71 | G17: 107.04 | H17: =B17-B16 -> -0.15 | I17: =C17-C16 -> 0.32 | J17: =D17-D16 -> 0.11 | K17: =E17-E16 -> 0.3 | L17: =F17-F16 -> -0.02 | S17: =(B16+B17)/2 -> 109.705 | T17: =(C16+C17)/2 -> 90.66 | U17: =(D17+D16)/2 -> 71.645 | V17: =(E16+E17)/2 -> 44.75 | W17: =(F16+F17)/2 -> 34.72 | X17: =(SUM(B14:B17))/4 -> 110.205 | Y17: =(SUM(C14:C17))/4 -> 91.0275 | Z17: =(SUM(D14:D17))/4 -> 71.775 | AA17: =(SUM(E14:E17))/4 -> 44.7725 | AB17: =(SUM(F14:F17))/4 -> 34.9 | AC17: =(B17+C17)/2 -> 100.225 | AD17: =(C17+D17)/2 -> 81.26 | AE17: =(D17+E17)/2 -> 58.3 | AF17: =(E17+F17)/2 -> 39.805
A18: =A17+7 -> 41005 | B18: 110.43 | C18: 91.22 | D18: 71.81 | E18: 48.87 | F18: 34.81 | G18: 107.01 | H18: =B18-B17 -> 0.8 | I18: =C18-C17 -> 0.4 | J18: =D18-D17 -> 0.11 | K18: =E18-E17 -> 3.97 | L18: =F18-F17 -> 0.1 | S18: =(B17+B18)/2 -> 110.03 | T18: =(C17+C18)/2 -> 91.02 | U18: =(D18+D17)/2 -> 71.755 | V18: =(E17+E18)/2 -> 46.885 | W18: =(F17+F18)/2 -> 34.76 | X18: =(SUM(B15:B18))/4 -> 109.9 | Y18: =(SUM(C15:C18))/4 -> 90.9325 | Z18: =(SUM(D15:D18))/4 -> 71.675 | AA18: =(SUM(E15:E18))/4 -> 45.625 | AB18: =(SUM(F15:F18))/4 -> 34.81 | AC18: =(B18+C18)/2 -> 100.825 | AD18: =(C18+D18)/2 -> 81.515 | AE18: =(D18+E18)/2 -> 60.34 | AF18: =(E18+F18)/2 -> 41.84
A19: =A18+7 -> 41012 | B19: 107.21 | C19: 91.45 | D19: 72.39 | E19: 49.15 | F19: 35.28 | G19: 102.91 | H19: =B19-B18 -> -3.22 | I19: =C19-C18 -> 0.23 | J19: =D19-D18 -> 0.58 | K19: =E19-E18 -> 0.28 | L19: =F19-F18 -> 0.47 | S19: =(B18+B19)/2 -> 108.82 | T19: =(C18+C19)/2 -> 91.335 | U19: =(D19+D18)/2 -> 72.1 | V19: =(E18+E19)/2 -> 49.01 | W19: =(F18+F19)/2 -> 35.045 | X19: =(SUM(B16:B19))/4 -> 109.2625 | Y19: =(SUM(C16:C19))/4 -> 90.9975 | Z19: =(SUM(D16:D19))/4 -> 71.8725 | AA19: =(SUM(E16:E19))/4 -> 46.88 | AB19: =(SUM(F16:F19))/4 -> 34.8825 | AC19: =(B19+C19)/2 -> 99.33 | AD19: =(C19+D19)/2 -> 81.92 | AE19: =(D19+E19)/2 -> 60.77 | AF19: =(E19+F19)/2 -> 42.215
... A22: =A21+7 -> 41033 | B22: 101.4 | C22: 89.24 | D22: 72.1 | E22: 49.98 | F22: 35.21 | G22: 99.24 | H22: =B22-B21 -> -1.57 | I22: =C22-C21 -> -1.67 | J22: =D22-D21 -> -0.04 | K22: =E22-E21 -> -0.51 | L22: =F22-F21 -> -0.18 | S22: =(B21+B22)/2 -> 102.185 | T22: =(C21+C22)/2 -> 90.075 | U22: =(D22+D21)/2 -> 72.12 | V22: =(E21+E22)/2 -> 50.235 | W22: =(F21+F22)/2 -> 35.3 | X22: =(SUM(B19:B22))/4 -> 104.0025 | Y22: =(SUM(C19:C22))/4 -> 90.7 | Z22: =(SUM(D19:D22))/4 -> 72.2675 | AA22: =(SUM(E19:E22))/4 -> 49.96 | AB22: =(SUM(F19:F22))/4 -> 35.36 | AC22: =(B22+C22)/2 -> 95.32 | AD22: =(C22+D22)/2 -> 80.67 | AE22: =(D22+E22)/2 -> 61.04 | AF22: =(E22+F22)/2 -> 42.595
A23: =A22+7 -> 41040 | B23: 101.35 | C23: 87.82 | E23: 49 | F23: 35.06 | G23: 103.37 | H23: =B23-B22 -> -0.05 | I23: =C23-C22 -> -1.42 | J23: =D23-D22 -> #VALUE! | K23: =E23-E22 -> -0.98 | L23: =F23-F22 -> -0.15 | S23: =(B22+B23)/2 -> 101.375 | T23: =(C22+C23)/2 -> 88.53 | U23: =(D23+D22)/2 -> #VALUE! | V23: =(E22+E23)/2 -> 49.49 | W23: =(F22+F23)/2 -> 35.135 | X23: =(SUM(B20:B23))/4 -> 102.5375 | Y23: =(SUM(C20:C23))/4 -> 89.7925 | Z23: =(SUM(D20:D23))/4 -> 54.17 | AA23: =(SUM(E20:E23))/4 -> 49.9225 | AB23: =(SUM(F20:F23))/4 -> 35.305 | AC23: =(B23+C23)/2 -> 94.585 | AD23: =(C23+D23)/2 -> #VALUE! | AE23: =(D23+E23)/2 -> #VALUE! | AF23: =(E23+F23)/2 -> 42.03
A24: =A23+7 -> 41047 | B24: 99.1 | C24: 87.56 | D24: 70.63 | E24: 49.23 | F24: 34.84 | G24: 97.45 | H24: =B24-B23 -> -2.25 | I24: =C24-C23 -> -0.26 | J24: =D24-D23 -> #VALUE! | K24: =E24-E23 -> 0.23 | L24: =F24-F23 -> -0.22 | S24: =(B23+B24)/2 -> 100.225 | T24: =(C23+C24)/2 -> 87.69 | U24: =(D24+D23)/2 -> #VALUE! | V24: =(E23+E24)/2 -> 49.115 | W24: =(F23+F24)/2 -> 34.95 | X24: =(SUM(B21:B24))/4 -> 101.205 | Y24: =(SUM(C21:C24))/4 -> 88.8825 | Z24: =(SUM(D21:D24))/4 -> 53.7175 | AA24: =(SUM(E21:E24))/4 -> 49.675 | AB24: =(SUM(F21:F24))/4 -> 35.125 | AC24: =(B24+C24)/2 -> 93.33 | AD24: =(C24+D24)/2 -> 79.095 | AE24: =(D24+E24)/2 -> 59.93 | AF24: =(E24+F24)/2 -> 42.035
A25: =A24+7 -> 41054 | B25: 94.82 | C25: 85.04 | D25: 68.21 | E25: 48.4 | F25: 34.64 | G25: 92.88 | H25: =B25-B24 -> -4.28 | I25: =C25-C24 -> -2.52 | J25: =D25-D24 -> -2.42 | K25: =E25-E24 -> -0.83 | L25: =F25-F24 -> -0.2 | S25: =(B24+B25)/2 -> 96.96 | T25: =(C24+C25)/2 -> 86.3 | U25: =(D25+D24)/2 -> 69.42 | V25: =(E24+E25)/2 -> 48.815 | W25: =(F24+F25)/2 -> 34.74 | X25: =(SUM(B22:B25))/4 -> 99.1675 | Y25: =(SUM(C22:C25))/4 -> 87.415 | Z25: =(SUM(D22:D25))/4 -> 52.735 | AA25: =(SUM(E22:E25))/4 -> 49.1525 | AB25: =(SUM(F22:F25))/4 -> 34.9375 | AC25: =(B25+C25)/2 -> 89.93 | AD25: =(C25+D25)/2 -> 76.625 | AE25: =(D25+E25)/2 -> 58.305 | AF25: =(E25+F25)/2 -> 41.52
A26: =A25+7 -> 41061 | B26: 92.51 | C26: 83.81 | D26: 65.72 | E26: 47.46 | F26: 34.28 | G26: 92.15 | H26: =B26-B25 -> -2.31 | I26: =C26-C25 -> -1.23 | J26: =D26-D25 -> -2.49 | K26: =E26-E25 -> -0.94 | L26: =F26-F25 -> -0.36 | S26: =(B25+B26)/2 -> 93.665 | T26: =(C25+C26)/2 -> 84.425 | U26: =(D26+D25)/2 -> 66.965 | V26: =(E25+E26)/2 -> 47.93 | W26: =(F25+F26)/2 -> 34.46 | X26: =(SUM(B23:B26))/4 -> 96.945 | Y26: =(SUM(C23:C26))/4 -> 86.0575 | Z26: =(SUM(D23:D26))/4 -> 51.14 | AA26: =(SUM(E23:E26))/4 -> 48.5225 | AB26: =(SUM(F23:F26))/4 -> 34.705 | AC26: =(B26+C26)/2 -> 88.16 | AD26: =(C26+D26)/2 -> 74.765 | AE26: =(D26+E26)/2 -> 56.59 | AF26: =(E26+F26)/2 -> 40.87
A27: =A26+7 -> 41068 | B27: 91.89 | C27: 82.21 | D27: 65.04 | E27: 46.55 | F27: 33.99 | G27: 90.33 | H27: =B27-B26 -> -0.62 | I27: =C27-C26 -> -1.6 | J27: =D27-D26 -> -0.68 | K27: =E27-E26 -> -0.91 | L27: =F27-F26 -> -0.29 | S27: =(B26+B27)/2 -> 92.2 | T27: =(C26+C27)/2 -> 83.01 | U27: =(D27+D26)/2 -> 65.38 | V27: =(E26+E27)/2 -> 47.005 | W27: =(F26+F27)/2 -> 34.135 | X27: =(SUM(B24:B27))/4 -> 94.58 | Y27: =(SUM(C24:C27))/4 -> 84.655 | Z27: =(SUM(D24:D27))/4 -> 67.4 | AA27: =(SUM(E24:E27))/4 -> 47.91 | AB27: =(SUM(F24:F27))/4 -> 34.4375 | AC27: =(B27+C27)/2 -> 87.05 | AD27: =(C27+D27)/2 -> 73.625 | AE27: =(D27+E27)/2 -> 55.795 | AF27: =(E27+F27)/2 -> 40.27
A28: =A27+7 -> 41075 | B28: 89.25 | C28: 78.62 | D28: 63.66 | E28: 44.81 | F28: 33.39 | G28: 85.03 | H28: =B28-B27 -> -2.64 | I28: =C28-C27 -> -3.59 | J28: =D28-D27 -> -1.38 | K28: =E28-E27 -> -1.74 | L28: =F28-F27 -> -0.6 | S28: =(B27+B28)/2 -> 90.57 | T28: =(C27+C28)/2 -> 80.415 | U28: =(D28+D27)/2 -> 64.35 | V28: =(E27+E28)/2 -> 45.68 | W28: =(F27+F28)/2 -> 33.69 | X28: =(SUM(B25:B28))/4 -> 92.1175 | Y28: =(SUM(C25:C28))/4 -> 82.42 | Z28: =(SUM(D25:D28))/4 -> 65.6575 | AA28: =(SUM(E25:E28))/4 -> 46.805 | AB28: =(SUM(F25:F28))/4 -> 34.075 | AC28: =(B28+C28)/2 -> 83.935 | AD28: =(C28+D28)/2 -> 71.14 | AE28: =(D28+E28)/2 -> 54.235 | AF28: =(E28+F28)/2 -> 39.1
A29: =A28+7 -> 41082 | B29: 86.7 | C29: 75.92 | D29: 61.46 | E29: 42.97 | F29: 32.94 | G29: 84.98 | H29: =B29-B28 -> -2.55 | I29: =C29-C28 -> -2.7 | J29: =D29-D28 -> -2.2 | K29: =E29-E28 -> -1.84 | L29: =F29-F28 -> -0.45 | S29: =(B28+B29)/2 -> 87.975 | T29: =(C28+C29)/2 -> 77.27 | U29: =(D29+D28)/2 -> 62.56 | V29: =(E28+E29)/2 -> 43.89 | W29: =(F28+F29)/2 -> 33.165 | X29: =(SUM(B26:B29))/4 -> 90.0875 | Y29: =(SUM(C26:C29))/4 -> 80.14 | Z29: =(SUM(D26:D29))/4 -> 63.97 | AA29: =(SUM(E26:E29))/4 -> 45.4475 | AB29: =(SUM(F26:F29))/4 -> 33.65 | AC29: =(B29+C29)/2 -> 81.31 | AD29: =(C29+D29)/2 -> 68.69 | AE29: =(D29+E29)/2 -> 52.215 | AF29: =(E29+F29)/2 -> 37.955
A30: =A29+7 -> 41089 | B30: 87.7 | C30: 73.65 | D30: 60.34 | E30: 42.35 | F30: 32.74 | G30: 89.22 | H30: =B30-B29 -> 1 | I30: =C30-C29 -> -2.27 | J30: =D30-D29 -> -1.12 | K30: =E30-E29 -> -0.62 | L30: =F30-F29 -> -0.2 | S30: =(B29+B30)/2 -> 87.2 | T30: =(C29+C30)/2 -> 74.785 | U30: =(D30+D29)/2 -> 60.9 | V30: =(E29+E30)/2 -> 42.66 | W30: =(F29+F30)/2 -> 32.84 | X30: =(SUM(B27:B30))/4 -> 88.885 | Y30: =(SUM(C27:C30))/4 -> 77.6 | Z30: =(SUM(D27:D30))/4 -> 62.625 | AA30: =(SUM(E27:E30))/4 -> 44.17 | AB30: =(SUM(F27:F30))/4 -> 33.265 | AC30: =(B30+C30)/2 -> 80.675 | AD30: =(C30+D30)/2 -> 66.995 | AE30: =(D30+E30)/2 -> 51.345 | AF30: =(E30+F30)/2 -> 37.545
A31: =A30+7 -> 41096 | B31: 89.17 | C31: 73.29 | D31: 60.16 | E31: 41.3 | F31: 32.38 | G31: 90.4 | H31: =B31-B30 -> 1.47 | I31: =C31-C30 -> -0.36 | J31: =D31-D30 -> -0.18 | K31: =E31-E30 -> -1.05 | L31: =F31-F30 -> -0.36 | S31: =(B30+B31)/2 -> 88.435 | T31: =(C30+C31)/2 -> 73.47 | U31: =(D31+D30)/2 -> 60.25 | V31: =(E30+E31)/2 -> 41.825 | W31: =(F30+F31)/2 -> 32.56 | X31: =(SUM(B28:B31))/4 -> 88.205 | Y31: =(SUM(C28:C31))/4 -> 75.37 | Z31: =(SUM(D28:D31))/4 -> 61.405 | AA31: =(SUM(E28:E31))/4 -> 42.8575 | AB31: =(SUM(F28:F31))/4 -> 32.8625 | AC31: =(B31+C31)/2 -> 81.23 | AD31: =(C31+D31)/2 -> 66.725 | AE31: =(D31+E31)/2 -> 50.73 | AF31: =(E31+F31)/2 -> 36.84
A32: =A31+7 -> 41103 | B32: 86.99 | C32: 72.28 | D32: 59.59 | E32: 40.67 | F32: 31.64 | G32: 87.73 | H32: =B32-B31 -> -2.18 | I32: =C32-C31 -> -1.01 | J32: =D32-D31 -> -0.57 | K32: =E32-E31 -> -0.63 | L32: =F32-F31 -> -0.74 | S32: =(B31+B32)/2 -> 88.08 | T32: =(C31+C32)/2 -> 72.785 | U32: =(D32+D31)/2 -> 59.875 | V32: =(E31+E32)/2 -> 40.985 | W32: =(F31+F32)/2 -> 32.01 | X32: =(SUM(B29:B32))/4 -> 87.64 | Y32: =(SUM(C29:C32))/4 -> 73.785 | Z32: =(SUM(D29:D32))/4 -> 60.3875 | AA32: =(SUM(E29:E32))/4 -> 41.8225 | AB32: =(SUM(F29:F32))/4 -> 32.425 | AC32: =(B32+C32)/2 -> 79.635 | AD32: =(C32+D32)/2 -> 65.935 | AE32: =(D32+E32)/2 -> 50.13 | AF32: =(E32+F32)/2 -> 36.155
A33: =A32+7 -> 41110 | B33: 85.55 | C33: 70.84 | D33: 56.51 | E33: 39.58 | F33: 30.37 | G33: 87.99 | H33: =B33-B32 -> -1.44 | I33: =C33-C32 -> -1.44 | J33: =D33-D32 -> -3.08 | K33: =E33-E32 -> -1.09 | L33: =F33-F32 -> -1.27 | S33: =(B32+B33)/2 -> 86.27 | T33: =(C32+C33)/2 -> 71.56 | U33: =(D33+D32)/2 -> 58.05 | V33: =(E32+E33)/2 -> 40.125 | W33: =(F32+F33)/2 -> 31.005 | X33: =(SUM(B30:B33))/4 -> 87.3525 | Y33: =(SUM(C30:C33))/4 -> 72.515 | Z33: =(SUM(D30:D33))/4 -> 59.15 | AA33: =(SUM(E30:E33))/4 -> 40.975 | AB33: =(SUM(F30:F33))/4 -> 31.7825 | AC33: =(B33+C33)/2 -> 78.195 | AD33: =(C33+D33)/2 -> 63.675 | AE33: =(D33+E33)/2 -> 48.045 | AF33: =(E33+F33)/2 -> 34.975
A34: =A33+7 -> 41117 | B34: 84.09 | C34: 70.3 | D34: 57.37 | E34: 39.58 | F34: 30.06 | G34: 88.41 | H34: =B34-B33 -> -1.46 | I34: =C34-C33 -> -0.54 | J34: =D34-D33 -> 0.86 | K34: =E34-E33 -> 0 | L34: =F34-F33 -> -0.31 | S34: =(B33+B34)/2 -> 84.82 | T34: =(C33+C34)/2 -> 70.57 | U34: =(D34+D33)/2 -> 56.94 | V34: =(E33+E34)/2 -> 39.58 | W34: =(F33+F34)/2 -> 30.215 | X34: =(SUM(B31:B34))/4 -> 86.45 | Y34: =(SUM(C31:C34))/4 -> 71.6775 | Z34: =(SUM(D31:D34))/4 -> 58.4075 | AA34: =(SUM(E31:E34))/4 -> 40.2825 | AB34: =(SUM(F31:F34))/4 -> 31.1125 | AC34: =(B34+C34)/2 -> 77.195 | AD34: =(C34+D34)/2 -> 63.835 | AE34: =(D34+E34)/2 -> 48.475 | AF34: =(E34+F34)/2 -> 34.82
A35: =A34+7 -> 41124 | B35: 86.31 | C35: 70.34 | D35: 56.73 | E35: 40.22 | F35: 29.79 | G35: 89.95 | H35: =B35-B34 -> 2.22 | I35: =C35-C34 -> 0.04 | J35: =D35-D34 -> -0.64 | K35: =E35-E34 -> 0.64 | L35: =F35-F34 -> -0.27 | S35: =(B34+B35)/2 -> 85.2 | T35: =(C34+C35)/2 -> 70.32 | U35: =(D35+D34)/2 -> 57.05 | V35: =(E34+E35)/2 -> 39.9 | W35: =(F34+F35)/2 -> 29.925 | X35: =(SUM(B32:B35))/4 -> 85.735 | Y35: =(SUM(C32:C35))/4 -> 70.94 | Z35: =(SUM(D32:D35))/4 -> 57.55 | AA35: =(SUM(E32:E35))/4 -> 40.0125 | AB35: =(SUM(F32:F35))/4 -> 30.465 | AC35: =(B35+C35)/2 -> 78.325 | AD35: =(C35+D35)/2 -> 63.535 | AE35: =(D35+E35)/2 -> 48.475 | AF35: =(E35+F35)/2 -> 35.005
... A421: =A420+7 -> 43826 | B421: 68.89 | C421: 59.17 | D421: 49.17 | E421: 33.83 | F421: 21.43 | G421: 66.19 | H421: =B421-B420 -> -0.16 | I421: =C421-C420 -> -0.05 | J421: =D421-D420 -> -0.26 | K421: =E421-E420 -> -0.33 | L421: =F421-F420 -> -0.05 | S421: =(B420+B421)/2 -> 68.97 | T421: =(C420+C421)/2 -> 59.195 | U421: =(D421+D420)/2 -> 49.3 | V421: =(E420+E421)/2 -> 33.995 | W421: =(F420+F421)/2 -> 21.455 | X421: =(SUM(B418:B421))/4 -> 69.1325 | Y421: =(SUM(C418:C421))/4 -> 59.28 | Z421: =(SUM(D418:D421))/4 -> 49.465 | AA421: =(SUM(E418:E421))/4 -> 34.235 | AB421: =(SUM(F418:F421))/4 -> 21.5475 | AC421: =(B421+C421)/2 -> 64.03 | AD421: =(C421+D421)/2 -> 54.17 | AE421: =(D421+E421)/2 -> 41.5 | AF421: =(E421+F421)/2 -> 27.63
A422: =A421+7 -> 43833 | B422: 68.42 | C422: 58.8 | D422: 49.01 | E422: 33.77 | F422: 21.25 | G422: 64.8 | H422: =B422-B421 -> -0.47 | I422: =C422-C421 -> -0.37 | J422: =D422-D421 -> -0.16 | K422: =E422-E421 -> -0.06 | L422: =F422-F421 -> -0.18 | M422: =G422-G421 -> -1.39 | N422: =AVERAGE(B422:B426) -> 69.036 | O422: =AVERAGE(C422:C426) -> 59.692 | P422: =AVERAGE(D422:D426) -> 49.678 | Q422: =AVERAGE(E422:E426) -> 34.808 | R422: =AVERAGE(F422:F426) -> 21.608 | S422: =(B421+B422)/2 -> 68.655 | T422: =(C421+C422)/2 -> 58.985 | U422: =(D422+D421)/2 -> 49.09 | V422: =(E421+E422)/2 -> 33.8 | W422: =(F421+F422)/2 -> 21.34 | X422: =(SUM(B419:B422))/4 -> 68.91 | Y422: =(SUM(C419:C422))/4 -> 59.1275 | Z422: =(SUM(D419:D422))/4 -> 49.295 | AA422: =(SUM(E419:E422))/4 -> 34.07 | AB422: =(SUM(F419:F422))/4 -> 21.4425 | AC422: =(B422+C422)/2 -> 63.61 | AD422: =(C422+D422)/2 -> 53.905 | AE422: =(D422+E422)/2 -> 41.39 | AF422: =(E422+F422)/2 -> 27.51 | AK422: =((V422+W422)/2)-5.35 -> 22.22
A423: =A422+7 -> 43840 | B423: 68.78 | C423: 59.48 | D423: 49.39 | E423: 34.27 | F423: 21.27 | G423: 68.67 | H423: =B423-B422 -> 0.36 | I423: =C423-C422 -> 0.68 | J423: =D423-D422 -> 0.38 | K423: =E423-E422 -> 0.5 | L423: =F423-F422 -> 0.02 | M423: =G423-G422 -> 3.87 | N423: =N422 -> 69.036 | O423: =O422 -> 59.692 | P423: =P422 -> 49.678 | Q423: =Q422 -> 34.808 | R423: =R422 -> 21.608 | S423: =(B422+B423)/2 -> 68.6 | T423: =(C422+C423)/2 -> 59.14 | U423: =(D423+D422)/2 -> 49.2 | V423: =(E422+E423)/2 -> 34.02 | W423: =(F422+F423)/2 -> 21.26 | X423: =(SUM(B420:B423))/4 -> 68.785 | Y423: =(SUM(C420:C423))/4 -> 59.1675 | Z423: =(SUM(D420:D423))/4 -> 49.25 | AA423: =(SUM(E420:E423))/4 -> 34.0075 | AB423: =(SUM(F420:F423))/4 -> 21.3575 | AC423: =(B423+C423)/2 -> 64.13 | AD423: =(C423+D423)/2 -> 54.435 | AE423: =(D423+E423)/2 -> 41.83 | AF423: =(E423+F423)/2 -> 27.77 | AK423: =((V423+W423)/2)-5.35 -> 22.29
A424: =A423+7 -> 43847 | B424: 69.25 | C424: 59.94 | D424: 49.58 | E424: 35.08 | F424: 21.77 | G424: 73.78 | H424: =B424-B423 -> 0.47 | I424: =C424-C423 -> 0.46 | J424: =D424-D423 -> 0.19 | K424: =E424-E423 -> 0.81 | L424: =F424-F423 -> 0.5 | M424: =G424-G423 -> 5.11 | N424: =N423 -> 69.036 | O424: =O423 -> 59.692 | P424: =P423 -> 49.678 | Q424: =Q423 -> 34.808 | R424: =R423 -> 21.608 | S424: =(B423+B424)/2 -> 69.015 | T424: =(C423+C424)/2 -> 59.71 | U424: =(D424+D423)/2 -> 49.485 | V424: =(E423+E424)/2 -> 34.675 | W424: =(F423+F424)/2 -> 21.52 | X424: =(SUM(B421:B424))/4 -> 68.835 | Y424: =(SUM(C421:C424))/4 -> 59.3475 | Z424: =(SUM(D421:D424))/4 -> 49.2875 | AA424: =(SUM(E421:E424))/4 -> 34.2375 | AB424: =(SUM(F421:F424))/4 -> 21.43 | AC424: =(B424+C424)/2 -> 64.595 | AD424: =(C424+D424)/2 -> 54.76 | AE424: =(D424+E424)/2 -> 42.33 | AF424: =(E424+F424)/2 -> 28.425 | AK424: =((V424+W424)/2)-5.35 -> 22.7475
A425: =A424+7 -> 43854 | B425: 69.75 | C425: 60.4 | D425: 50.23 | E425: 35.44 | F425: 21.91 | G425: 68.45 | H425: =B425-B424 -> 0.5 | I425: =C425-C424 -> 0.46 | J425: =D425-D424 -> 0.65 | K425: =E425-E424 -> 0.36 | L425: =F425-F424 -> 0.14 | M425: =G425-G424 -> -5.33 | N425: =N424 -> 69.036 | O425: =O424 -> 59.692 | P425: =P424 -> 49.678 | Q425: =Q424 -> 34.808 | R425: =R424 -> 21.608 | S425: =(B424+B425)/2 -> 69.5 | T425: =(C424+C425)/2 -> 60.17 | U425: =(D425+D424)/2 -> 49.905 | V425: =(E424+E425)/2 -> 35.26 | W425: =(F424+F425)/2 -> 21.84 | X425: =(SUM(B422:B425))/4 -> 69.05 | Y425: =(SUM(C422:C425))/4 -> 59.655 | Z425: =(SUM(D422:D425))/4 -> 49.5525 | AA425: =(SUM(E422:E425))/4 -> 34.64 | AB425: =(SUM(F422:F425))/4 -> 21.55 | AC425: =(B425+C425)/2 -> 65.075 | AD425: =(C425+D425)/2 -> 55.315 | AE425: =(D425+E425)/2 -> 42.835 | AF425: =(E425+F425)/2 -> 28.675 | AK425: =((V425+W425)/2)-5.35 -> 23.2
A426: =A425+7 -> 43861 | B426: 68.98 | C426: 59.84 | D426: 50.18 | E426: 35.48 | F426: 21.84 | G426: 66.83 | H426: =B426-B425 -> -0.77 | I426: =C426-C425 -> -0.56 | J426: =D426-D425 -> -0.05 | K426: =E426-E425 -> 0.04 | L426: =F426-F425 -> -0.07 | M426: =G426-G425 -> -1.62 | N426: =N425 -> 69.036 | O426: =O425 -> 59.692 | P426: =P425 -> 49.678 | Q426: =Q425 -> 34.808 | R426: =R425 -> 21.608 | S426: =(B425+B426)/2 -> 69.365 | T426: =(C425+C426)/2 -> 60.12 | U426: =(D426+D425)/2 -> 50.205 | V426: =(E425+E426)/2 -> 35.46 | W426: =(F425+F426)/2 -> 21.875 | X426: =(SUM(B423:B426))/4 -> 69.19 | Y426: =(SUM(C423:C426))/4 -> 59.915 | Z426: =(SUM(D423:D426))/4 -> 49.845 | AA426: =(SUM(E423:E426))/4 -> 35.0675 | AB426: =(SUM(F423:F426))/4 -> 21.6975 | AC426: =(B426+C426)/2 -> 64.41 | AD426: =(C426+D426)/2 -> 55.01 | AE426: =(D426+E426)/2 -> 42.83 | AF426: =(E426+F426)/2 -> 28.66 | AK426: =((V426+W426)/2)-5.35 -> 23.3175
A427: =A426+7 -> 43868 | B427: 69.56 | C427: 60.84 | D427: 51.45 | E427: 36.4 | F427: 22.16 | G427: 66.86 | H427: =B427-B426 -> 0.58 | I427: =C427-C426 -> 1 | J427: =D427-D426 -> 1.27 | K427: =E427-E426 -> 0.92 | L427: =F427-F426 -> 0.32 | M427: =G427-G426 -> 0.03 | N427: =AVERAGE(B427:B430) -> 69.6 | O427: =AVERAGE(C427:C430) -> 60.9925 | P427: =AVERAGE(D427:D430) -> 51.275 | Q427: =AVERAGE(E427:E430) -> 35.9525 | R427: =AVERAGE(F427:F430) -> 22.4475 | S427: =(B426+B427)/2 -> 69.27 | T427: =(C426+C427)/2 -> 60.34 | U427: =(D427+D426)/2 -> 50.815 | V427: =(E426+E427)/2 -> 35.94 | W427: =(F426+F427)/2 -> 22 | X427: =(SUM(B424:B427))/4 -> 69.385 | Y427: =(SUM(C424:C427))/4 -> 60.255 | Z427: =(SUM(D424:D427))/4 -> 50.36 | AA427: =(SUM(E424:E427))/4 -> 35.6 | AB427: =(SUM(F424:F427))/4 -> 21.92 | AC427: =(B427+C427)/2 -> 65.2 | AD427: =(C427+D427)/2 -> 56.145 | AE427: =(D427+E427)/2 -> 43.925 | AF427: =(E427+F427)/2 -> 29.28 | AK427: =((V427+W427)/2)-5.35 -> 23.62
A428: =A427+7 -> 43875 | B428: 69.77 | C428: 61.05 | D428: 51.68 | E428: 36.67 | F428: 22.46 | G428: 69.32 | H428: =B428-B427 -> 0.21 | I428: =C428-C427 -> 0.21 | J428: =D428-D427 -> 0.23 | K428: =E428-E427 -> 0.27 | L428: =F428-F427 -> 0.3 | M428: =G428-G427 -> 2.46 | N428: =N427 -> 69.6 | O428: =O427 -> 60.9925 | P428: =P427 -> 51.275 | Q428: =Q427 -> 35.9525 | R428: =R427 -> 22.4475 | S428: =(B427+B428)/2 -> 69.665 | T428: =(C427+C428)/2 -> 60.945 | U428: =(D428+D427)/2 -> 51.565 | V428: =(E427+E428)/2 -> 36.535 | W428: =(F427+F428)/2 -> 22.31 | X428: =(SUM(B425:B428))/4 -> 69.515 | Y428: =(SUM(C425:C428))/4 -> 60.5325 | Z428: =(SUM(D425:D428))/4 -> 50.885 | AA428: =(SUM(E425:E428))/4 -> 35.9975 | AB428: =(SUM(F425:F428))/4 -> 22.0925 | AC428: =(B428+C428)/2 -> 65.41 | AD428: =(C428+D428)/2 -> 56.365 | AE428: =(D428+E428)/2 -> 44.175 | AF428: =(E428+F428)/2 -> 29.565 | AK428: =((V428+W428)/2)-5.35 -> 24.0725
A429: =A428+7 -> 43882 | B429: 69.88 | C429: 61.13 | D429: 51.27 | E429: 35.92 | F429: 22.39 | G429: 68.21 | H429: =B429-B428 -> 0.11 | I429: =C429-C428 -> 0.08 | J429: =D429-D428 -> -0.41 | K429: =E429-E428 -> -0.75 | L429: =F429-F428 -> -0.07 | M429: =G429-G428 -> -1.11 | N429: =N428 -> 69.6 | O429: =O428 -> 60.9925 | P429: =P428 -> 51.275 | Q429: =Q428 -> 35.9525 | R429: =R428 -> 22.4475 | S429: =(B428+B429)/2 -> 69.825 | T429: =(C428+C429)/2 -> 61.09 | U429: =(D429+D428)/2 -> 51.475 | V429: =(E428+E429)/2 -> 36.295 | W429: =(F428+F429)/2 -> 22.425 | X429: =(SUM(B426:B429))/4 -> 69.5475 | Y429: =(SUM(C426:C429))/4 -> 60.715 | Z429: =(SUM(D426:D429))/4 -> 51.145 | AA429: =(SUM(E426:E429))/4 -> 36.1175 | AB429: =(SUM(F426:F429))/4 -> 22.2125 | AC429: =(B429+C429)/2 -> 65.505 | AD429: =(C429+D429)/2 -> 56.2 | AE429: =(D429+E429)/2 -> 43.595 | AF429: =(E429+F429)/2 -> 29.155 | AK429: =((V429+W429)/2)-5.35 -> 24.01
A430: =A429+7 -> 43889 | B430: 69.19 | C430: 60.95 | D430: 50.7 | E430: 34.82 | F430: 22.78 | G430: 66.77 | H430: =B430-B429 -> -0.69 | I430: =C430-C429 -> -0.18 | J430: =D430-D429 -> -0.57 | K430: =E430-E429 -> -1.1 | L430: =F430-F429 -> 0.39 | M430: =G430-G429 -> -1.44 | N430: =N429 -> 69.6 | O430: =O429 -> 60.9925 | P430: =P429 -> 51.275 | Q430: =Q429 -> 35.9525 | R430: =R429 -> 22.4475 | S430: =(B429+B430)/2 -> 69.535 | T430: =(C429+C430)/2 -> 61.04 | U430: =(D430+D429)/2 -> 50.985 | V430: =(E429+E430)/2 -> 35.37 | W430: =(F429+F430)/2 -> 22.585 | X430: =(SUM(B427:B430))/4 -> 69.6 | Y430: =(SUM(C427:C430))/4 -> 60.9925 | Z430: =(SUM(D427:D430))/4 -> 51.275 | AA430: =(SUM(E427:E430))/4 -> 35.9525 | AB430: =(SUM(F427:F430))/4 -> 22.4475 | AC430: =(B430+C430)/2 -> 65.07 | AD430: =(C430+D430)/2 -> 55.825 | AE430: =(D430+E430)/2 -> 42.76 | AF430: =(E430+F430)/2 -> 28.8 | AK430: =((V430+W430)/2)-5.35 -> 23.6275
A431: =A430+7 -> 43896 | B431: 68.75 | C431: 60.44 | D431: 49.15 | E431: 33.79 | F431: 21.92 | G431: 65.99 | H431: =B431-B430 -> -0.44 | I431: =C431-C430 -> -0.51 | J431: =D431-D430 -> -1.55 | K431: =E431-E430 -> -1.03 | L431: =F431-F430 -> -0.86 | M431: =G431-G430 -> -0.78 | N431: =AVERAGE(B431:B434) -> 67.7525 | O431: =AVERAGE(C431:C434) -> 59.0325 | P431: =AVERAGE(D431:D434) -> 47.245 | Q431: =AVERAGE(E431:E434) -> 32.475 | R431: =AVERAGE(F431:F434) -> 21.465 | S431: =(B430+B431)/2 -> 68.97 | T431: =(C430+C431)/2 -> 60.695 | U431: =(D431+D430)/2 -> 49.925 | V431: =(E430+E431)/2 -> 34.305 | W431: =(F430+F431)/2 -> 22.35 | X431: =(SUM(B428:B431))/4 -> 69.3975 | Y431: =(SUM(C428:C431))/4 -> 60.8925 | Z431: =(SUM(D428:D431))/4 -> 50.7 | AA431: =(SUM(E428:E431))/4 -> 35.3 | AB431: =(SUM(F428:F431))/4 -> 22.3875 | AC431: =(B431+C431)/2 -> 64.595 | AD431: =(C431+D431)/2 -> 54.795 | AE431: =(D431+E431)/2 -> 41.47 | AF431: =(E431+F431)/2 -> 27.855 | AK431: =((V431+W431)/2)-5.35 -> 22.9775
A432: =A431+7 -> 43903 | B432: 68.13 | C432: 59.51 | D432: 47.8 | E432: 32.77 | F432: 21.56 | G432: 65.42 | H432: =B432-B431 -> -0.62 | I432: =C432-C431 -> -0.93 | J432: =D432-D431 -> -1.35 | K432: =E432-E431 -> -1.02 | L432: =F432-F431 -> -0.36 | M432: =G432-G431 -> -0.57 | N432: =N431 -> 67.7525 | O432: =O431 -> 59.0325 | P432: =P431 -> 47.245 | Q432: =Q431 -> 32.475 | R432: =R431 -> 21.465 | S432: =(B431+B432)/2 -> 68.44 | T432: =(C431+C432)/2 -> 59.975 | U432: =(D432+D431)/2 -> 48.475 | V432: =(E431+E432)/2 -> 33.28 | W432: =(F431+F432)/2 -> 21.74 | X432: =(SUM(B429:B432))/4 -> 68.9875 | Y432: =(SUM(C429:C432))/4 -> 60.5075 | Z432: =(SUM(D429:D432))/4 -> 49.73 | AA432: =(SUM(E429:E432))/4 -> 34.325 | AB432: =(SUM(F429:F432))/4 -> 22.1625 | AC432: =(B432+C432)/2 -> 63.82 | AD432: =(C432+D432)/2 -> 53.655 | AE432: =(D432+E432)/2 -> 40.285 | AF432: =(E432+F432)/2 -> 27.165 | AK432: =((V432+W432)/2)-5.35 -> 22.16
A433: =A432+7 -> 43910 | B433: 67.4 | C433: 58.53 | D433: 46.61 | E433: 31.84 | F433: 21.31 | G433: 66.57 | H433: =B433-B432 -> -0.73 | I433: =C433-C432 -> -0.98 | J433: =D433-D432 -> -1.19 | K433: =E433-E432 -> -0.93 | L433: =F433-F432 -> -0.25 | M433: =G433-G432 -> 1.15 | N433: =N432 -> 67.7525 | O433: =O432 -> 59.0325 | P433: =P432 -> 47.245 | Q433: =Q432 -> 32.475 | R433: =R432 -> 21.465 | S433: =(B432+B433)/2 -> 67.765 | T433: =(C432+C433)/2 -> 59.02 | U433: =(D433+D432)/2 -> 47.205 | V433: =(E432+E433)/2 -> 32.305 | W433: =(F432+F433)/2 -> 21.435 | X433: =(SUM(B430:B433))/4 -> 68.3675 | Y433: =(SUM(C430:C433))/4 -> 59.8575 | Z433: =(SUM(D430:D433))/4 -> 48.565 | AA433: =(SUM(E430:E433))/4 -> 33.305 | AB433: =(SUM(F430:F433))/4 -> 21.8925 | AC433: =(B433+C433)/2 -> 62.965 | AD433: =(C433+D433)/2 -> 52.57 | AE433: =(D433+E433)/2 -> 39.225 | AF433: =(E433+F433)/2 -> 26.575 | AK433: =((V433+W433)/2)-5.35 -> 21.52
A434: =A433+7 -> 43917 | B434: 66.73 | C434: 57.65 | D434: 45.42 | E434: 31.5 | F434: 21.07 | G434: 68.37 | H434: =B434-B433 -> -0.67 | I434: =C434-C433 -> -0.88 | J434: =D434-D433 -> -1.19 | K434: =E434-E433 -> -0.34 | L434: =F434-F433 -> -0.24 | M434: =G434-G433 -> 1.8 | N434: =N433 -> 67.7525 | O434: =O433 -> 59.0325 | P434: =P433 -> 47.245 | Q434: =Q433 -> 32.475 | R434: =R433 -> 21.465 | S434: =(B433+B434)/2 -> 67.065 | T434: =(C433+C434)/2 -> 58.09 | U434: =(D434+D433)/2 -> 46.015 | V434: =(E433+E434)/2 -> 31.67 | W434: =(F433+F434)/2 -> 21.19 | X434: =(SUM(B431:B434))/4 -> 67.7525 | Y434: =(SUM(C431:C434))/4 -> 59.0325 | Z434: =(SUM(D431:D434))/4 -> 47.245 | AA434: =(SUM(E431:E434))/4 -> 32.475 | AB434: =(SUM(F431:F434))/4 -> 21.465 | AC434: =(B434+C434)/2 -> 62.19 | AD434: =(C434+D434)/2 -> 51.535 | AE434: =(D434+E434)/2 -> 38.46 | AF434: =(E434+F434)/2 -> 26.285 | AK434: =((V434+W434)/2)-5.35 -> 21.08
A435: =A434+7 -> 43924 | B435: 66.52 | C435: 56.51 | D435: 44.49 | E435: 30.83 | F435: 20.78 | G435: 68.33 | H435: =B435-B434 -> -0.21 | I435: =C435-C434 -> -1.14 | J435: =D435-D434 -> -0.93 | K435: =E435-E434 -> -0.67 | L435: =F435-F434 -> -0.29 | M435: =G435-G434 -> -0.04 | N435: =AVERAGE(B435:B438) -> 63.45 | O435: =AVERAGE(C435:C438) -> 54.2925 | P435: =AVERAGE(D435:D438) -> 42.4075 | Q435: =AVERAGE(E435:E438) -> 28.8575 | R435: =AVERAGE(F435:F438) -> 19.755 | S435: =(B434+B435)/2 -> 66.625 | T435: =(C434+C435)/2 -> 57.08 | U435: =(D435+D434)/2 -> 44.955 | V435: =(E434+E435)/2 -> 31.165 | W435: =(F434+F435)/2 -> 20.925 | X435: =(SUM(B432:B435))/4 -> 67.195 | Y435: =(SUM(C432:C435))/4 -> 58.05 | Z435: =(SUM(D432:D435))/4 -> 46.08 | AA435: =(SUM(E432:E435))/4 -> 31.735 | AB435: =(SUM(F432:F435))/4 -> 21.18 | AC435: =(B435+C435)/2 -> 61.515 | AD435: =(C435+D435)/2 -> 50.5 | AE435: =(D435+E435)/2 -> 37.66 | AF435: =(E435+F435)/2 -> 25.805 | AK435: =((V435+W435)/2)-5.35 -> 20.695
A436: =A435+7 -> 43931 | B436: 65.41 | C436: 56.04 | D436: 43.68 | E436: 30.34 | F436: 20.46 | G436: 63.54 | H436: =B436-B435 -> -1.11 | I436: =C436-C435 -> -0.47 | J436: =D436-D435 -> -0.81 | K436: =E436-E435 -> -0.49 | L436: =F436-F435 -> -0.32 | M436: =G436-G435 -> -4.79 | N436: =N435 -> 63.45 | O436: =O435 -> 54.2925 | P436: =P435 -> 42.4075 | Q436: =Q435 -> 28.8575 | R436: =R435 -> 19.755 | S436: =(B435+B436)/2 -> 65.965 | T436: =(C435+C436)/2 -> 56.275 | U436: =(D436+D435)/2 -> 44.085 | V436: =(E435+E436)/2 -> 30.585 | W436: =(F435+F436)/2 -> 20.62 | X436: =(SUM(B433:B436))/4 -> 66.515 | Y436: =(SUM(C433:C436))/4 -> 57.1825 | Z436: =(SUM(D433:D436))/4 -> 45.05 | AA436: =(SUM(E433:E436))/4 -> 31.1275 | AB436: =(SUM(F433:F436))/4 -> 20.905 | AC436: =(B436+C436)/2 -> 60.725 | AD436: =(C436+D436)/2 -> 49.86 | AE436: =(D436+E436)/2 -> 37.01 | AF436: =(E436+F436)/2 -> 25.4 | AK436: =((V436+W436)/2)-5.35 -> 20.2525
A437: =A436+7 -> 43938 | B437: 62.71 | C437: 53.55 | D437: 41.87 | E437: 28.23 | F437: 19.51 | G437: 58.59 | H437: =B437-B436 -> -2.7 | I437: =C437-C436 -> -2.49 | J437: =D437-D436 -> -1.81 | K437: =E437-E436 -> -2.11 | L437: =F437-F436 -> -0.95 | M437: =G437-G436 -> -4.95 | N437: =N436 -> 63.45 | O437: =O436 -> 54.2925 | P437: =P436 -> 42.4075 | Q437: =Q436 -> 28.8575 | R437: =R436 -> 19.755 | S437: =(B436+B437)/2 -> 64.06 | T437: =(C436+C437)/2 -> 54.795 | U437: =(D437+D436)/2 -> 42.775 | V437: =(E436+E437)/2 -> 29.285 | W437: =(F436+F437)/2 -> 19.985 | X437: =(SUM(B434:B437))/4 -> 65.3425 | Y437: =(SUM(C434:C437))/4 -> 55.9375 | Z437: =(SUM(D434:D437))/4 -> 43.865 | AA437: =(SUM(E434:E437))/4 -> 30.225 | AB437: =(SUM(F434:F437))/4 -> 20.455 | AC437: =(B437+C437)/2 -> 58.13 | AD437: =(C437+D437)/2 -> 47.71 | AE437: =(D437+E437)/2 -> 35.05 | AF437: =(E437+F437)/2 -> 23.87 | AK437: =((V437+W437)/2)-5.35 -> 19.285
A438: =A437+7 -> 43945 | B438: 59.16 | C438: 51.07 | D438: 39.59 | E438: 26.03 | F438: 18.27 | G438: 53.74 | H438: =B438-B437 -> -3.55 | I438: =C438-C437 -> -2.48 | J438: =D438-D437 -> -2.28 | K438: =E438-E437 -> -2.2 | L438: =F438-F437 -> -1.24 | M438: =G438-G437 -> -4.85 | N438: =N437 -> 63.45 | O438: =O437 -> 54.2925 | P438: =P437 -> 42.4075 | Q438: =Q437 -> 28.8575 | R438: =R437 -> 19.755 | S438: =(B437+B438)/2 -> 60.935 | T438: =(C437+C438)/2 -> 52.31 | U438: =(D438+D437)/2 -> 40.73 | V438: =(E437+E438)/2 -> 27.13 | W438: =(F437+F438)/2 -> 18.89 | X438: =(SUM(B435:B438))/4 -> 63.45 | Y438: =(SUM(C435:C438))/4 -> 54.2925 | Z438: =(SUM(D435:D438))/4 -> 42.4075 | AA438: =(SUM(E435:E438))/4 -> 28.8575 | AB438: =(SUM(F435:F438))/4 -> 19.755 | AC438: =(B438+C438)/2 -> 55.115 | AD438: =(C438+D438)/2 -> 45.33 | AE438: =(D438+E438)/2 -> 32.81 | AF438: =(E438+F438)/2 -> 22.15 | AK438: =((V438+W438)/2)-5.35 -> 17.66
A439: =A438+7 -> 43952 | B439: 56.98 | C439: 49.97 | D439: 37.98 | E439: 24.24 | F439: 17.32 | G439: 50.76 | H439: =B439-B438 -> -2.18 | I439: =C439-C438 -> -1.1 | J439: =D439-D438 -> -1.61 | K439: =E439-E438 -> -1.79 | L439: =F439-F438 -> -0.95 | M439: =G439-G438 -> -2.98 | N439: =AVERAGE(B439:B443) -> 56.078 | O439: =AVERAGE(C439:C443) -> 49.924 | P439: =AVERAGE(D439:D443) -> 38.616 | Q439: =AVERAGE(E439:E443) -> 26.29 | R439: =AVERAGE(F439:F443) -> 17.664 | S439: =(B438+B439)/2 -> 58.07 | T439: =(C438+C439)/2 -> 50.52 | U439: =(D439+D438)/2 -> 38.785 | V439: =(E438+E439)/2 -> 25.135 | W439: =(F438+F439)/2 -> 17.795 | X439: =(SUM(B436:B439))/4 -> 61.065 | Y439: =(SUM(C436:C439))/4 -> 52.6575 | Z439: =(SUM(D436:D439))/4 -> 40.78 | AA439: =(SUM(E436:E439))/4 -> 27.21 | AB439: =(SUM(F436:F439))/4 -> 18.89 | AC439: =(B439+C439)/2 -> 53.475 | AD439: =(C439+D439)/2 -> 43.975 | AE439: =(D439+E439)/2 -> 31.11 | AF439: =(E439+F439)/2 -> 20.78 | AK439: =((V439+W439)/2)-5.35 -> 16.115
A440: =A439+7 -> 43959 | B440: 55.17 | C440: 48.61 | D440: 37.09 | E440: 24.15 | F440: 17.31 | G440: 51.71 | H440: =B440-B439 -> -1.81 | I440: =C440-C439 -> -1.36 | J440: =D440-D439 -> -0.89 | K440: =E440-E439 -> -0.09 | L440: =F440-F439 -> -0.01 | M440: =G440-G439 -> 0.95 | N440: =N439 -> 56.078 | O440: =O439 -> 49.924 | P440: =P439 -> 38.616 | Q440: =Q439 -> 26.29 | R440: =R439 -> 17.664 | S440: =(B439+B440)/2 -> 56.075 | T440: =(C439+C440)/2 -> 49.29 | U440: =(D440+D439)/2 -> 37.535 | V440: =(E439+E440)/2 -> 24.195 | W440: =(F439+F440)/2 -> 17.315 | X440: =(SUM(B437:B440))/4 -> 58.505 | Y440: =(SUM(C437:C440))/4 -> 50.8 | Z440: =(SUM(D437:D440))/4 -> 39.1325 | AA440: =(SUM(E437:E440))/4 -> 25.6625 | AB440: =(SUM(F437:F440))/4 -> 18.1025 | AC440: =(B440+C440)/2 -> 51.89 | AD440: =(C440+D440)/2 -> 42.85 | AE440: =(D440+E440)/2 -> 30.62 | AF440: =(E440+F440)/2 -> 20.73 | AK440: =((V440+W440)/2)-5.35 -> 15.405
A441: =A440+7 -> 43966 | B441: 55.33 | C441: 48.7 | D441: 37.94 | E441: 25.71 | F441: 17.61 | G441: 50.83 | H441: =B441-B440 -> 0.16 | I441: =C441-C440 -> 0.09 | J441: =D441-D440 -> 0.85 | K441: =E441-E440 -> 1.56 | L441: =F441-F440 -> 0.3 | M441: =G441-G440 -> -0.88 | N441: =N440 -> 56.078 | O441: =O440 -> 49.924 | P441: =P440 -> 38.616 | Q441: =Q440 -> 26.29 | R441: =R440 -> 17.664 | S441: =(B440+B441)/2 -> 55.25 | T441: =(C440+C441)/2 -> 48.655 | U441: =(D441+D440)/2 -> 37.515 | V441: =(E440+E441)/2 -> 24.93 | W441: =(F440+F441)/2 -> 17.46 | X441: =(SUM(B438:B441))/4 -> 56.66 | Y441: =(SUM(C438:C441))/4 -> 49.5875 | Z441: =(SUM(D438:D441))/4 -> 38.15 | AA441: =(SUM(E438:E441))/4 -> 25.0325 | AB441: =(SUM(F438:F441))/4 -> 17.6275 | AC441: =(B441+C441)/2 -> 52.015 | AD441: =(C441+D441)/2 -> 43.32 | AE441: =(D441+E441)/2 -> 31.825 | AF441: =(E441+F441)/2 -> 21.66 | AK441: =((V441+W441)/2)-5.35 -> 15.845
A442: =A441+7 -> 43973 | B442: 56.37 | C442: 51.17 | D442: 39.67 | E442: 27.98 | F442: 17.82 | G442: 53.98 | H442: =B442-B441 -> 1.04 | I442: =C442-C441 -> 2.47 | J442: =D442-D441 -> 1.73 | K442: =E442-E441 -> 2.27 | L442: =F442-F441 -> 0.21 | M442: =G442-G441 -> 3.15 | N442: =N441 -> 56.078 | O442: =O441 -> 49.924 | P442: =P441 -> 38.616 | Q442: =Q441 -> 26.29 | R442: =R441 -> 17.664 | S442: =(B441+B442)/2 -> 55.85 | T442: =(C441+C442)/2 -> 49.935 | U442: =(D442+D441)/2 -> 38.805 | V442: =(E441+E442)/2 -> 26.845 | W442: =(F441+F442)/2 -> 17.715 | X442: =(SUM(B439:B442))/4 -> 55.9625 | Y442: =(SUM(C439:C442))/4 -> 49.6125 | Z442: =(SUM(D439:D442))/4 -> 38.17 | AA442: =(SUM(E439:E442))/4 -> 25.52 | AB442: =(SUM(F439:F442))/4 -> 17.515 | AC442: =(B442+C442)/2 -> 53.77 | AD442: =(C442+D442)/2 -> 45.42 | AE442: =(D442+E442)/2 -> 33.825 | AF442: =(E442+F442)/2 -> 22.9 | AK442: =((V442+W442)/2)-5.35 -> 16.93
A443: =A442+7 -> 43980 | B443: 56.54 | C443: 51.17 | D443: 40.4 | E443: 29.37 | F443: 18.26 | G443: 54.9 | H443: =B443-B442 -> 0.17 | I443: =C443-C442 -> 0 | J443: =D443-D442 -> 0.73 | K443: =E443-E442 -> 1.39 | L443: =F443-F442 -> 0.44 | M443: =G443-G442 -> 0.92 | N443: =N442 -> 56.078 | O443: =O442 -> 49.924 | P443: =P442 -> 38.616 | Q443: =Q442 -> 26.29 | R443: =R442 -> 17.664 | S443: =(B442+B443)/2 -> 56.455 | T443: =(C442+C443)/2 -> 51.17 | U443: =(D443+D442)/2 -> 40.035 | V443: =(E442+E443)/2 -> 28.675 | W443: =(F442+F443)/2 -> 18.04 | X443: =(SUM(B440:B443))/4 -> 55.8525 | Y443: =(SUM(C440:C443))/4 -> 49.9125 | Z443: =(SUM(D440:D443))/4 -> 38.775 | AA443: =(SUM(E440:E443))/4 -> 26.8025 | AB443: =(SUM(F440:F443))/4 -> 17.75 | AC443: =(B443+C443)/2 -> 53.855 | AD443: =(C443+D443)/2 -> 45.785 | AE443: =(D443+E443)/2 -> 34.885 | AF443: =(E443+F443)/2 -> 23.815 | AK443: =((V443+W443)/2)-5.35 -> 18.0075
A444: =A443+7 -> 43987 | B444: 56.42 | C444: 49.85 | D444: 40.22 | E444: 27.66 | F444: 18.24 | G444: 55.25 | H444: =B444-B443 -> -0.12 | I444: =C444-C443 -> -1.32 | J444: =D444-D443 -> -0.18 | K444: =E444-E443 -> -1.71 | L444: =F444-F443 -> -0.02 | M444: =G444-G443 -> 0.35 | N444: =AVERAGE(B444:B447) -> 54.9725 | O444: =AVERAGE(C444:C447) -> 47.535 | P444: =AVERAGE(D444:D447) -> 38.3025 | Q444: =AVERAGE(E444:E447) -> 25.3175 | R444: =AVERAGE(F444:F447) -> 17.975 | S444: =(B443+B444)/2 -> 56.48 | T444: =(C443+C444)/2 -> 50.51 | U444: =(D444+D443)/2 -> 40.31 | V444: =(E443+E444)/2 -> 28.515 | W444: =(F443+F444)/2 -> 18.25 | X444: =(SUM(B441:B444))/4 -> 56.165 | Y444: =(SUM(C441:C444))/4 -> 50.2225 | Z444: =(SUM(D441:D444))/4 -> 39.5575 | AA444: =(SUM(E441:E444))/4 -> 27.68 | AB444: =(SUM(F441:F444))/4 -> 17.9825 | AC444: =(B444+C444)/2 -> 53.135 | AD444: =(C444+D444)/2 -> 45.035 | AE444: =(D444+E444)/2 -> 33.94 | AF444: =(E444+F444)/2 -> 22.95 | AK444: =((V444+W444)/2)-5.35 -> 18.0325
A445: =A444+7 -> 43994 | B445: 55.48 | C445: 48.03 | D445: 38.61 | E445: 25.38 | F445: 18.06 | G445: 52.75 | H445: =B445-B444 -> -0.94 | I445: =C445-C444 -> -1.82 | J445: =D445-D444 -> -1.61 | K445: =E445-E444 -> -2.28 | L445: =F445-F444 -> -0.18 | M445: =G445-G444 -> -2.5 | N445: =N444 -> 54.9725 | O445: =O444 -> 47.535 | P445: =P444 -> 38.3025 | Q445: =Q444 -> 25.3175 | R445: =R444 -> 17.975 | S445: =(B444+B445)/2 -> 55.95 | T445: =(C444+C445)/2 -> 48.94 | U445: =(D445+D444)/2 -> 39.415 | V445: =(E444+E445)/2 -> 26.52 | W445: =(F444+F445)/2 -> 18.15 | X445: =(SUM(B442:B445))/4 -> 56.2025 | Y445: =(SUM(C442:C445))/4 -> 50.055 | Z445: =(SUM(D442:D445))/4 -> 39.725 | AA445: =(SUM(E442:E445))/4 -> 27.5975 | AB445: =(SUM(F442:F445))/4 -> 18.095 | AC445: =(B445+C445)/2 -> 51.755 | AD445: =(C445+D445)/2 -> 43.32 | AE445: =(D445+E445)/2 -> 31.995 | AF445: =(E445+F445)/2 -> 21.72 | AK445: =((V445+W445)/2)-5.35 -> 16.985
A446: =A445+7 -> 44001 | B446: 54.36 | C446: 46.91 | D446: 37.64 | E446: 24.34 | F446: 17.9 | G446: 50.48 | H446: =B446-B445 -> -1.12 | I446: =C446-C445 -> -1.12 | J446: =D446-D445 -> -0.97 | K446: =E446-E445 -> -1.04 | L446: =F446-F445 -> -0.16 | M446: =G446-G445 -> -2.27 | N446: =N445 -> 54.9725 | O446: =O445 -> 47.535 | P446: =P445 -> 38.3025 | Q446: =Q445 -> 25.3175 | R446: =R445 -> 17.975 | S446: =(B445+B446)/2 -> 54.92 | T446: =(C445+C446)/2 -> 47.47 | U446: =(D446+D445)/2 -> 38.125 | V446: =(E445+E446)/2 -> 24.86 | W446: =(F445+F446)/2 -> 17.98 | X446: =(SUM(B443:B446))/4 -> 55.7 | Y446: =(SUM(C443:C446))/4 -> 48.99 | Z446: =(SUM(D443:D446))/4 -> 39.2175 | AA446: =(SUM(E443:E446))/4 -> 26.6875 | AB446: =(SUM(F443:F446))/4 -> 18.115 | AC446: =(B446+C446)/2 -> 50.635 | AD446: =(C446+D446)/2 -> 42.275 | AE446: =(D446+E446)/2 -> 30.99 | AF446: =(E446+F446)/2 -> 21.12 | AK446: =((V446+W446)/2)-5.35 -> 16.07
A447: =A446+7 -> 44008 | B447: 53.63 | C447: 45.35 | D447: 36.74 | E447: 23.89 | F447: 17.7 | G447: 51.17 | H447: =B447-B446 -> -0.73 | I447: =C447-C446 -> -1.56 | J447: =D447-D446 -> -0.9 | K447: =E447-E446 -> -0.45 | L447: =F447-F446 -> -0.2 | M447: =G447-G446 -> 0.69 | N447: =N446 -> 54.9725 | O447: =O446 -> 47.535 | P447: =P446 -> 38.3025 | Q447: =Q446 -> 25.3175 | R447: =R446 -> 17.975 | S447: =(B446+B447)/2 -> 53.995 | T447: =(C446+C447)/2 -> 46.13 | U447: =(D447+D446)/2 -> 37.19 | V447: =(E446+E447)/2 -> 24.115 | W447: =(F446+F447)/2 -> 17.8 | X447: =(SUM(B444:B447))/4 -> 54.9725 | Y447: =(SUM(C444:C447))/4 -> 47.535 | Z447: =(SUM(D444:D447))/4 -> 38.3025 | AA447: =(SUM(E444:E447))/4 -> 25.3175 | AB447: =(SUM(F444:F447))/4 -> 17.975 | AC447: =(B447+C447)/2 -> 49.49 | AD447: =(C447+D447)/2 -> 41.045 | AE447: =(D447+E447)/2 -> 30.315 | AF447: =(E447+F447)/2 -> 20.795 | AK447: =((V447+W447)/2)-5.35 -> 15.6075
A448: =A447+7 -> 44015 | B448: 53.23 | C448: 44.17 | D448: 35.93 | E448: 23.56 | F448: 17.48 | G448: 51.58 | H448: =B448-B447 -> -0.4 | I448: =C448-C447 -> -1.18 | J448: =D448-D447 -> -0.81 | K448: =E448-E447 -> -0.33 | L448: =F448-F447 -> -0.22 | M448: =G448-G447 -> 0.41 | N448: =AVERAGE(B448:B452) -> 53.576 | O448: =AVERAGE(C448:C452) -> 45.096 | P448: =AVERAGE(D448:D452) -> 36.536 | Q448: =AVERAGE(E448:E452) -> 24.406 | R448: =AVERAGE(F448:F452) -> 17.718 | S448: =(B447+B448)/2 -> 53.43 | T448: =(C447+C448)/2 -> 44.76 | U448: =(D448+D447)/2 -> 36.335 | V448: =(E447+E448)/2 -> 23.725 | W448: =(F447+F448)/2 -> 17.59 | X448: =(SUM(B445:B448))/4 -> 54.175 | Y448: =(SUM(C445:C448))/4 -> 46.115 | Z448: =(SUM(D445:D448))/4 -> 37.23 | AA448: =(SUM(E445:E448))/4 -> 24.2925 | AB448: =(SUM(F445:F448))/4 -> 17.785 | AC448: =(B448+C448)/2 -> 48.7 | AD448: =(C448+D448)/2 -> 40.05 | AE448: =(D448+E448)/2 -> 29.745 | AF448: =(E448+F448)/2 -> 20.52 | AK448: =((V448+W448)/2)-5.35 -> 15.3075
A449: =A448+7 -> 44022 | B449: 53.01 | C449: 45.13 | D449: 36.1 | E449: 23.39 | F449: 17.23 | G449: 52.72 | H449: =B449-B448 -> -0.22 | I449: =C449-C448 -> 0.96 | J449: =D449-D448 -> 0.17 | K449: =E449-E448 -> -0.17 | L449: =F449-F448 -> -0.25 | M449: =G449-G448 -> 1.14 | N449: =N448 -> 53.576 | O449: =O448 -> 45.096 | P449: =P448 -> 36.536 | Q449: =Q448 -> 24.406 | R449: =R448 -> 17.718 | S449: =(B448+B449)/2 -> 53.12 | T449: =(C448+C449)/2 -> 44.65 | U449: =(D449+D448)/2 -> 36.015 | V449: =(E448+E449)/2 -> 23.475 | W449: =(F448+F449)/2 -> 17.355 | X449: =(SUM(B446:B449))/4 -> 53.5575 | Y449: =(SUM(C446:C449))/4 -> 45.39 | Z449: =(SUM(D446:D449))/4 -> 36.6025 | AA449: =(SUM(E446:E449))/4 -> 23.795 | AB449: =(SUM(F446:F449))/4 -> 17.5775 | AC449: =(B449+C449)/2 -> 49.07 | AD449: =(C449+D449)/2 -> 40.615 | AE449: =(D449+E449)/2 -> 29.745 | AF449: =(E449+F449)/2 -> 20.31 | AK449: =((V449+W449)/2)-5.35 -> 15.065
A450: =A449+7 -> 44029 | B450: 53.8 | C450: 45.05 | D450: 36.5 | E450: 24.24 | F450: 17.73 | G450: 52.48 | H450: =B450-B449 -> 0.79 | I450: =C450-C449 -> -0.08 | J450: =D450-D449 -> 0.4 | K450: =E450-E449 -> 0.85 | L450: =F450-F449 -> 0.5 | M450: =G450-G449 -> -0.24 | N450: =N449 -> 53.576 | O450: =O449 -> 45.096 | P450: =P449 -> 36.536 | Q450: =Q449 -> 24.406 | R450: =R449 -> 17.718 | S450: =(B449+B450)/2 -> 53.405 | T450: =(C449+C450)/2 -> 45.09 | U450: =(D450+D449)/2 -> 36.3 | V450: =(E449+E450)/2 -> 23.815 | W450: =(F449+F450)/2 -> 17.48 | X450: =(SUM(B447:B450))/4 -> 53.4175 | Y450: =(SUM(C447:C450))/4 -> 44.925 | Z450: =(SUM(D447:D450))/4 -> 36.3175 | AA450: =(SUM(E447:E450))/4 -> 23.77 | AB450: =(SUM(F447:F450))/4 -> 17.535 | AC450: =(B450+C450)/2 -> 49.425 | AD450: =(C450+D450)/2 -> 40.775 | AE450: =(D450+E450)/2 -> 30.37 | AF450: =(E450+F450)/2 -> 20.985 | AK450: =((V450+W450)/2)-5.35 -> 15.2975
A451: =A450+7 -> 44036 | B451: 54.16 | C451: 45.57 | D451: 36.93 | E451: 25.36 | F451: 18 | G451: 51.72 | H451: =B451-B450 -> 0.36 | I451: =C451-C450 -> 0.52 | J451: =D451-D450 -> 0.43 | K451: =E451-E450 -> 1.12 | L451: =F451-F450 -> 0.27 | M451: =G451-G450 -> -0.76 | N451: =N450 -> 53.576 | O451: =O450 -> 45.096 | P451: =P450 -> 36.536 | Q451: =Q450 -> 24.406 | R451: =R450 -> 17.718 | S451: =(B450+B451)/2 -> 53.98 | T451: =(C450+C451)/2 -> 45.31 | U451: =(D451+D450)/2 -> 36.715 | V451: =(E450+E451)/2 -> 24.8 | W451: =(F450+F451)/2 -> 17.865 | X451: =(SUM(B448:B451))/4 -> 53.55 | Y451: =(SUM(C448:C451))/4 -> 44.98 | Z451: =(SUM(D448:D451))/4 -> 36.365 | AA451: =(SUM(E448:E451))/4 -> 24.1375 | AB451: =(SUM(F448:F451))/4 -> 17.61 | AC451: =(B451+C451)/2 -> 49.865 | AD451: =(C451+D451)/2 -> 41.25 | AE451: =(D451+E451)/2 -> 31.145 | AF451: =(E451+F451)/2 -> 21.68 | AK451: =((V451+W451)/2)-5.35 -> 15.9825
A452: =A451+7 -> 44043 | B452: 53.68 | C452: 45.56 | D452: 37.22 | E452: 25.48 | F452: 18.15 | G452: 50.73 | H452: =B452-B451 -> -0.48 | I452: =C452-C451 -> -0.01 | J452: =D452-D451 -> 0.29 | K452: =E452-E451 -> 0.12 | L452: =F452-F451 -> 0.15 | M452: =G452-G451 -> -0.99 | N452: =N451 -> 53.576 | O452: =O451 -> 45.096 | P452: =P451 -> 36.536 | Q452: =Q451 -> 24.406 | R452: =R451 -> 17.718 | S452: =(B451+B452)/2 -> 53.92 | T452: =(C451+C452)/2 -> 45.565 | U452: =(D452+D451)/2 -> 37.075 | V452: =(E451+E452)/2 -> 25.42 | W452: =(F451+F452)/2 -> 18.075 | X452: =(SUM(B449:B452))/4 -> 53.6625 | Y452: =(SUM(C449:C452))/4 -> 45.3275 | Z452: =(SUM(D449:D452))/4 -> 36.6875 | AA452: =(SUM(E449:E452))/4 -> 24.6175 | AB452: =(SUM(F449:F452))/4 -> 17.7775 | AC452: =(B452+C452)/2 -> 49.62 | AD452: =(C452+D452)/2 -> 41.39 | AE452: =(D452+E452)/2 -> 31.35 | AF452: =(E452+F452)/2 -> 21.815 | AK452: =((V452+W452)/2)-5.35 -> 16.3975
A453: =A452+7 -> 44050 | B453: 53.46 | C453: 45.45 | D453: 37.39 | E453: 25.12 | F453: 18.1 | G453: 51.42 | H453: =B453-B452 -> -0.22 | I453: =C453-C452 -> -0.11 | J453: =D453-D452 -> 0.17 | K453: =E453-E452 -> -0.36 | L453: =F453-F452 -> -0.05 | M453: =G453-G452 -> 0.69 | N453: =AVERAGE(B453:B456) -> 52.93 | O453: =AVERAGE(C453:C456) -> 44.645 | P453: =AVERAGE(D453:D456) -> 36.57 | Q453: =AVERAGE(E453:E456) -> 23.9 | R453: =AVERAGE(F453:F456) -> 17.865 | S453: =(B452+B453)/2 -> 53.57 | T453: =(C452+C453)/2 -> 45.505 | U453: =(D453+D452)/2 -> 37.305 | V453: =(E452+E453)/2 -> 25.3 | W453: =(F452+F453)/2 -> 18.125 | X453: =(SUM(B450:B453))/4 -> 53.775 | Y453: =(SUM(C450:C453))/4 -> 45.4075 | Z453: =(SUM(D450:D453))/4 -> 37.01 | AA453: =(SUM(E450:E453))/4 -> 25.05 | AB453: =(SUM(F450:F453))/4 -> 17.995 | AC453: =(B453+C453)/2 -> 49.455 | AD453: =(C453+D453)/2 -> 41.42 | AE453: =(D453+E453)/2 -> 31.255 | AF453: =(E453+F453)/2 -> 21.61 | AK453: =((V453+W453)/2)-5.35 -> 16.3625
A454: =A453+7 -> 44057 | B454: 53.05 | C454: 44.92 | D454: 36.83 | E454: 24.05 | F454: 17.97 | G454: 49.52 | H454: =B454-B453 -> -0.41 | I454: =C454-C453 -> -0.53 | J454: =D454-D453 -> -0.56 | K454: =E454-E453 -> -1.07 | L454: =F454-F453 -> -0.13 | M454: =G454-G453 -> -1.9 | N454: =N453 -> 52.93 | O454: =O453 -> 44.645 | P454: =P453 -> 36.57 | Q454: =Q453 -> 23.9 | R454: =R453 -> 17.865 | S454: =(B453+B454)/2 -> 53.255 | T454: =(C453+C454)/2 -> 45.185 | U454: =(D454+D453)/2 -> 37.11 | V454: =(E453+E454)/2 -> 24.585 | W454: =(F453+F454)/2 -> 18.035 | X454: =(SUM(B451:B454))/4 -> 53.5875 | Y454: =(SUM(C451:C454))/4 -> 45.375 | Z454: =(SUM(D451:D454))/4 -> 37.0925 | AA454: =(SUM(E451:E454))/4 -> 25.0025 | AB454: =(SUM(F451:F454))/4 -> 18.055 | AC454: =(B454+C454)/2 -> 48.985 | AD454: =(C454+D454)/2 -> 40.875 | AE454: =(D454+E454)/2 -> 30.44 | AF454: =(E454+F454)/2 -> 21.01 | AK454: =((V454+W454)/2)-5.35 -> 15.96
A455: =A454+7 -> 44064 | B455: 52.88 | C455: 44.24 | D455: 36.05 | E455: 23.57 | F455: 17.78 | G455: 50.19 | H455: =B455-B454 -> -0.17 | I455: =C455-C454 -> -0.68 | J455: =D455-D454 -> -0.78 | K455: =E455-E454 -> -0.48 | L455: =F455-F454 -> -0.19 | M455: =G455-G454 -> 0.67 | N455: =N454 -> 52.93 | O455: =O454 -> 44.645 | P455: =P454 -> 36.57 | Q455: =Q454 -> 23.9 | R455: =R454 -> 17.865 | S455: =(B454+B455)/2 -> 52.965 | T455: =(C454+C455)/2 -> 44.58 | U455: =(D455+D454)/2 -> 36.44 | V455: =(E454+E455)/2 -> 23.81 | W455: =(F454+F455)/2 -> 17.875 | X455: =(SUM(B452:B455))/4 -> 53.2675 | Y455: =(SUM(C452:C455))/4 -> 45.0425 | Z455: =(SUM(D452:D455))/4 -> 36.8725 | AA455: =(SUM(E452:E455))/4 -> 24.555 | AB455: =(SUM(F452:F455))/4 -> 18 | AC455: =(B455+C455)/2 -> 48.56 | AD455: =(C455+D455)/2 -> 40.145 | AE455: =(D455+E455)/2 -> 29.81 | AF455: =(E455+F455)/2 -> 20.675 | AK455: =((V455+W455)/2)-5.35 -> 15.4925
A456: =A455+7 -> 44071 | B456: 52.33 | C456: 43.97 | D456: 36.01 | E456: 22.86 | F456: 17.61 | G456: 47.99 | H456: =B456-B455 -> -0.55 | I456: =C456-C455 -> -0.27 | J456: =D456-D455 -> -0.04 | K456: =E456-E455 -> -0.71 | L456: =F456-F455 -> -0.17 | M456: =G456-G455 -> -2.2 | N456: =N455 -> 52.93 | O456: =O455 -> 44.645 | P456: =P455 -> 36.57 | Q456: =Q455 -> 23.9 | R456: =R455 -> 17.865 | S456: =(B455+B456)/2 -> 52.605 | T456: =(C455+C456)/2 -> 44.105 | U456: =(D456+D455)/2 -> 36.03 | V456: =(E455+E456)/2 -> 23.215 | W456: =(F455+F456)/2 -> 17.695 | X456: =(SUM(B453:B456))/4 -> 52.93 | Y456: =(SUM(C453:C456))/4 -> 44.645 | Z456: =(SUM(D453:D456))/4 -> 36.57 | AA456: =(SUM(E453:E456))/4 -> 23.9 | AB456: =(SUM(F453:F456))/4 -> 17.865 | AC456: =(B456+C456)/2 -> 48.15 | AD456: =(C456+D456)/2 -> 39.99 | AE456: =(D456+E456)/2 -> 29.435 | AF456: =(E456+F456)/2 -> 20.235 | AK456: =((V456+W456)/2)-5.35 -> 15.105
A457: =A456+7 -> 44078 | B457: 51.91 | C457: 44.21 | D457: 35.76 | E457: 22.63 | F457: 17.01 | G457: 48.17 | H457: =B457-B456 -> -0.42 | I457: =C457-C456 -> 0.24 | J457: =D457-D456 -> -0.25 | K457: =E457-E456 -> -0.23 | L457: =F457-F456 -> -0.6 | M457: =G457-G456 -> 0.18 | N457: =AVERAGE(B457:B460) -> 53.21 | O457: =AVERAGE(C457:C460) -> 44.685 | P457: =AVERAGE(D457:D460) -> 36.4025 | Q457: =AVERAGE(E457:E460) -> 23.495 | R457: =AVERAGE(F457:F460) -> 17.285 | S457: =(B456+B457)/2 -> 52.12 | T457: =(C456+C457)/2 -> 44.09 | U457: =(D457+D456)/2 -> 35.885 | V457: =(E456+E457)/2 -> 22.745 | W457: =(F456+F457)/2 -> 17.31 | X457: =(SUM(B454:B457))/4 -> 52.5425 | Y457: =(SUM(C454:C457))/4 -> 44.335 | Z457: =(SUM(D454:D457))/4 -> 36.1625 | AA457: =(SUM(E454:E457))/4 -> 23.2775 | AB457: =(SUM(F454:F457))/4 -> 17.5925 | AC457: =(B457+C457)/2 -> 48.06 | AD457: =(C457+D457)/2 -> 39.985 | AE457: =(D457+E457)/2 -> 29.195 | AF457: =(E457+F457)/2 -> 19.82 | AK457: =((V457+W457)/2)-5.35 -> 14.6775
A458: =A457+7 -> 44085 | B458: 51.97 | C458: 43.99 | D458: 35.65 | E458: 22.65 | F458: 16.94 | G458: 49.85 | H458: =B458-B457 -> 0.06 | I458: =C458-C457 -> -0.22 | J458: =D458-D457 -> -0.11 | K458: =E458-E457 -> 0.02 | L458: =F458-F457 -> -0.07 | M458: =G458-G457 -> 1.68 | N458: =N457 -> 53.21 | O458: =O457 -> 44.685 | P458: =P457 -> 36.4025 | Q458: =Q457 -> 23.495 | R458: =R457 -> 17.285 | S458: =(B457+B458)/2 -> 51.94 | T458: =(C457+C458)/2 -> 44.1 | U458: =(D458+D457)/2 -> 35.705 | V458: =(E457+E458)/2 -> 22.64 | W458: =(F457+F458)/2 -> 16.975 | X458: =(SUM(B455:B458))/4 -> 52.2725 | Y458: =(SUM(C455:C458))/4 -> 44.1025 | Z458: =(SUM(D455:D458))/4 -> 35.8675 | AA458: =(SUM(E455:E458))/4 -> 22.9275 | AB458: =(SUM(F455:F458))/4 -> 17.335 | AC458: =(B458+C458)/2 -> 47.98 | AD458: =(C458+D458)/2 -> 39.82 | AE458: =(D458+E458)/2 -> 29.15 | AF458: =(E458+F458)/2 -> 19.795 | AK458: =((V458+W458)/2)-5.35 -> 14.4575
A459: =A458+7 -> 44092 | B459: 53.63 | C459: 44.77 | D459: 36.62 | E459: 23.57 | F459: 17.37 | G459: 53.66 | H459: =B459-B458 -> 1.66 | I459: =C459-C458 -> 0.78 | J459: =D459-D458 -> 0.97 | K459: =E459-E458 -> 0.92 | L459: =F459-F458 -> 0.43 | M459: =G459-G458 -> 3.81 | N459: =N458 -> 53.21 | O459: =O458 -> 44.685 | P459: =P458 -> 36.4025 | Q459: =Q458 -> 23.495 | R459: =R458 -> 17.285 | S459: =(B458+B459)/2 -> 52.8 | T459: =(C458+C459)/2 -> 44.38 | U459: =(D459+D458)/2 -> 36.135 | V459: =(E458+E459)/2 -> 23.11 | W459: =(F458+F459)/2 -> 17.155 | X459: =(SUM(B456:B459))/4 -> 52.46 | Y459: =(SUM(C456:C459))/4 -> 44.235 | Z459: =(SUM(D456:D459))/4 -> 36.01 | AA459: =(SUM(E456:E459))/4 -> 22.9275 | AB459: =(SUM(F456:F459))/4 -> 17.2325 | AC459: =(B459+C459)/2 -> 49.2 | AD459: =(C459+D459)/2 -> 40.695 | AE459: =(D459+E459)/2 -> 30.095 | AF459: =(E459+F459)/2 -> 20.47 | AK459: =((V459+W459)/2)-5.35 -> 14.7825
A460: =A459+7 -> 44099 | B460: 55.33 | C460: 45.77 | D460: 37.58 | E460: 25.13 | F460: 17.82 | G460: 59.97 | H460: =B460-B459 -> 1.7 | I460: =C460-C459 -> 1 | J460: =D460-D459 -> 0.96 | K460: =E460-E459 -> 1.56 | L460: =F460-F459 -> 0.45 | M460: =G460-G459 -> 6.31 | N460: =N459 -> 53.21 | O460: =O459 -> 44.685 | P460: =P459 -> 36.4025 | Q460: =Q459 -> 23.495 | R460: =R459 -> 17.285 | S460: =(B459+B460)/2 -> 54.48 | T460: =(C459+C460)/2 -> 45.27 | U460: =(D460+D459)/2 -> 37.1 | V460: =(E459+E460)/2 -> 24.35 | W460: =(F459+F460)/2 -> 17.595 | X460: =(SUM(B457:B460))/4 -> 53.21 | Y460: =(SUM(C457:C460))/4 -> 44.685 | Z460: =(SUM(D457:D460))/4 -> 36.4025 | AA460: =(SUM(E457:E460))/4 -> 23.495 | AB460: =(SUM(F457:F460))/4 -> 17.285 | AC460: =(B460+C460)/2 -> 50.55 | AD460: =(C460+D460)/2 -> 41.675 | AE460: =(D460+E460)/2 -> 31.355 | AF460: =(E460+F460)/2 -> 21.475 | AK460: =((V460+W460)/2)-5.35 -> 15.6225
A461: =A460+7 -> 44106 | B461: 55.82 | C461: 46.68 | D461: 38.56 | E461: 26.03 | F461: 18.36 | G461: 58.21 | H461: =B461-B460 -> 0.49 | I461: =C461-C460 -> 0.91 | J461: =D461-D460 -> 0.98 | K461: =E461-E460 -> 0.9 | L461: =F461-F460 -> 0.54 | M461: =G461-G460 -> -1.76 | N461: =AVERAGE(B461:B465) -> 57.086 | O461: =AVERAGE(C461:C465) -> 47.944 | P461: =AVERAGE(D461:D465) -> 40.288 | Q461: =AVERAGE(E461:E465) -> 28.112 | R461: =AVERAGE(F461:F465) -> 19.044 | S461: =(B460+B461)/2 -> 55.575 | T461: =(C460+C461)/2 -> 46.225 | U461: =(D461+D460)/2 -> 38.07 | V461: =(E460+E461)/2 -> 25.58 | W461: =(F460+F461)/2 -> 18.09 | X461: =(SUM(B458:B461))/4 -> 54.1875 | Y461: =(SUM(C458:C461))/4 -> 45.3025 | Z461: =(SUM(D458:D461))/4 -> 37.1025 | AA461: =(SUM(E458:E461))/4 -> 24.345 | AB461: =(SUM(F458:F461))/4 -> 17.6225 | AC461: =(B461+C461)/2 -> 51.25 | AD461: =(C461+D461)/2 -> 42.62 | AE461: =(D461+E461)/2 -> 32.295 | AF461: =(E461+F461)/2 -> 22.195 | AK461: =((V461+W461)/2)-5.35 -> 16.485
A462: =A461+7 -> 44113 | B462: 56.53 | C462: 47.07 | D462: 39.13 | E462: 27.02 | F462: 18.74 | G462: 57.73 | H462: =B462-B461 -> 0.71 | I462: =C462-C461 -> 0.39 | J462: =D462-D461 -> 0.57 | K462: =E462-E461 -> 0.99 | L462: =F462-F461 -> 0.38 | M462: =G462-G461 -> -0.48 | N462: =N461 -> 57.086 | O462: =O461 -> 47.944 | P462: =P461 -> 40.288 | Q462: =Q461 -> 28.112 | R462: =R461 -> 19.044 | S462: =(B461+B462)/2 -> 56.175 | T462: =(C461+C462)/2 -> 46.875 | U462: =(D462+D461)/2 -> 38.845 | V462: =(E461+E462)/2 -> 26.525 | W462: =(F461+F462)/2 -> 18.55 | X462: =(SUM(B459:B462))/4 -> 55.3275 | Y462: =(SUM(C459:C462))/4 -> 46.0725 | Z462: =(SUM(D459:D462))/4 -> 37.9725 | AA462: =(SUM(E459:E462))/4 -> 25.4375 | AB462: =(SUM(F459:F462))/4 -> 18.0725 | AC462: =(B462+C462)/2 -> 51.8 | AD462: =(C462+D462)/2 -> 43.1 | AE462: =(D462+E462)/2 -> 33.075 | AF462: =(E462+F462)/2 -> 22.88 | AK462: =((V462+W462)/2)-5.35 -> 17.1875
A463: =A462+7 -> 44120 | B463: 57.25 | C463: 48.17 | D463: 40.94 | E463: 29.13 | F463: 19.18 | G463: 54.42 | H463: =B463-B462 -> 0.72 | I463: =C463-C462 -> 1.1 | J463: =D463-D462 -> 1.81 | K463: =E463-E462 -> 2.11 | L463: =F463-F462 -> 0.44 | M463: =G463-G462 -> -3.31 | N463: =N462 -> 57.086 | O463: =O462 -> 47.944 | P463: =P462 -> 40.288 | Q463: =Q462 -> 28.112 | R463: =R462 -> 19.044 | S463: =(B462+B463)/2 -> 56.89 | T463: =(C462+C463)/2 -> 47.62 | U463: =(D463+D462)/2 -> 40.035 | V463: =(E462+E463)/2 -> 28.075 | W463: =(F462+F463)/2 -> 18.96 | X463: =(SUM(B460:B463))/4 -> 56.2325 | Y463: =(SUM(C460:C463))/4 -> 46.9225 | Z463: =(SUM(D460:D463))/4 -> 39.0525 | AA463: =(SUM(E460:E463))/4 -> 26.8275 | AB463: =(SUM(F460:F463))/4 -> 18.525 | AC463: =(B463+C463)/2 -> 52.71 | AD463: =(C463+D463)/2 -> 44.555 | AE463: =(D463+E463)/2 -> 35.035 | AF463: =(E463+F463)/2 -> 24.155 | AK463: =((V463+W463)/2)-5.35 -> 18.1675
A464: =A463+7 -> 44127 | B464: 57.81 | C464: 48.94 | D464: 41.6 | E464: 29.47 | F464: 19.56 | G464: 60.09 | H464: =B464-B463 -> 0.56 | I464: =C464-C463 -> 0.77 | J464: =D464-D463 -> 0.66 | K464: =E464-E463 -> 0.34 | L464: =F464-F463 -> 0.38 | M464: =G464-G463 -> 5.67 | N464: =N463 -> 57.086 | O464: =O463 -> 47.944 | P464: =P463 -> 40.288 | Q464: =Q463 -> 28.112 | R464: =R463 -> 19.044 | S464: =(B463+B464)/2 -> 57.53 | T464: =(C463+C464)/2 -> 48.555 | U464: =(D464+D463)/2 -> 41.27 | V464: =(E463+E464)/2 -> 29.3 | W464: =(F463+F464)/2 -> 19.37 | X464: =(SUM(B461:B464))/4 -> 56.8525 | Y464: =(SUM(C461:C464))/4 -> 47.715 | Z464: =(SUM(D461:D464))/4 -> 40.0575 | AA464: =(SUM(E461:E464))/4 -> 27.9125 | AB464: =(SUM(F461:F464))/4 -> 18.96 | AC464: =(B464+C464)/2 -> 53.375 | AD464: =(C464+D464)/2 -> 45.27 | AE464: =(D464+E464)/2 -> 35.535 | AF464: =(E464+F464)/2 -> 24.515 | AK464: =((V464+W464)/2)-5.35 -> 18.985
A465: =A464+7 -> 44134 | B465: 58.02 | C465: 48.86 | D465: 41.21 | E465: 28.91 | F465: 19.38 | G465: 60.35 | H465: =B465-B464 -> 0.21 | I465: =C465-C464 -> -0.08 | J465: =D465-D464 -> -0.39 | K465: =E465-E464 -> -0.56 | L465: =F465-F464 -> -0.18 | M465: =G465-G464 -> 0.26 | N465: =N464 -> 57.086 | O465: =O464 -> 47.944 | P465: =P464 -> 40.288 | Q465: =Q464 -> 28.112 | R465: =R464 -> 19.044 | S465: =(B464+B465)/2 -> 57.915 | T465: =(C464+C465)/2 -> 48.9 | U465: =(D465+D464)/2 -> 41.405 | V465: =(E464+E465)/2 -> 29.19 | W465: =(F464+F465)/2 -> 19.47 | X465: =(SUM(B462:B465))/4 -> 57.4025 | Y465: =(SUM(C462:C465))/4 -> 48.26 | Z465: =(SUM(D462:D465))/4 -> 40.72 | AA465: =(SUM(E462:E465))/4 -> 28.6325 | AB465: =(SUM(F462:F465))/4 -> 19.215 | AC465: =(B465+C465)/2 -> 53.44 | AD465: =(C465+D465)/2 -> 45.035 | AE465: =(D465+E465)/2 -> 35.06 | AF465: =(E465+F465)/2 -> 24.145 | AK465: =((V465+W465)/2)-5.35 -> 18.98
A466: =A465+7 -> 44141 | B466: 58.11 | C466: 49.6 | D466: 41.15 | E466: 28.93 | F466: 19.19 | G466: 62.45 | H466: =B466-B465 -> 0.09 | I466: =C466-C465 -> 0.74 | J466: =D466-D465 -> -0.06 | K466: =E466-E465 -> 0.02 | L466: =F466-F465 -> -0.19 | M466: =G466-G465 -> 2.1 | N466: =AVERAGE(B466:B469) -> 59.745 | O466: =AVERAGE(C466:C469) -> 51.155 | P466: =AVERAGE(D466:D469) -> 42.5425 | Q466: =AVERAGE(E466:E469) -> 29.8825 | R466: =AVERAGE(F466:F469) -> 19.3775 | S466: =(B465+B466)/2 -> 58.065 | T466: =(C465+C466)/2 -> 49.23 | U466: =(D466+D465)/2 -> 41.18 | V466: =(E465+E466)/2 -> 28.92 | W466: =(F465+F466)/2 -> 19.285 | X466: =(SUM(B463:B466))/4 -> 57.7975 | Y466: =(SUM(C463:C466))/4 -> 48.8925 | Z466: =(SUM(D463:D466))/4 -> 41.225 | AA466: =(SUM(E463:E466))/4 -> 29.11 | AB466: =(SUM(F463:F466))/4 -> 19.3275 | AC466: =(B466+C466)/2 -> 53.855 | AD466: =(C466+D466)/2 -> 45.375 | AE466: =(D466+E466)/2 -> 35.04 | AF466: =(E466+F466)/2 -> 24.06 | AK466: =((V466+W466)/2)-5.35 -> 18.7525
A467: =A466+7 -> 44148 | B467: 58.67 | C467: 49.34 | D467: 41.36 | E467: 28.94 | F467: 19.16 | G467: 62.53 | H467: =B467-B466 -> 0.56 | I467: =C467-C466 -> -0.26 | J467: =D467-D466 -> 0.21 | K467: =E467-E466 -> 0.01 | L467: =F467-F466 -> -0.03 | M467: =G467-G466 -> 0.08 | N467: =N466 -> 59.745 | O467: =O466 -> 51.155 | P467: =P466 -> 42.5425 | Q467: =Q466 -> 29.8825 | R467: =R466 -> 19.3775 | S467: =(B466+B467)/2 -> 58.39 | T467: =(C466+C467)/2 -> 49.47 | U467: =(D467+D466)/2 -> 41.255 | V467: =(E466+E467)/2 -> 28.935 | W467: =(F466+F467)/2 -> 19.175 | X467: =(SUM(B464:B467))/4 -> 58.1525 | Y467: =(SUM(C464:C467))/4 -> 49.185 | Z467: =(SUM(D464:D467))/4 -> 41.33 | AA467: =(SUM(E464:E467))/4 -> 29.0625 | AB467: =(SUM(F464:F467))/4 -> 19.3225 | AC467: =(B467+C467)/2 -> 54.005 | AD467: =(C467+D467)/2 -> 45.35 | AE467: =(D467+E467)/2 -> 35.15 | AF467: =(E467+F467)/2 -> 24.05 | AK467: =((V467+W467)/2)-5.35 -> 18.705
A468: =A467+7 -> 44155 | B468: 59.52 | C468: 51.59 | D468: 42.4 | E468: 29.88 | F468: 19.57 | G468: 62.82 | H468: =B468-B467 -> 0.85 | I468: =C468-C467 -> 2.25 | J468: =D468-D467 -> 1.04 | K468: =E468-E467 -> 0.94 | L468: =F468-F467 -> 0.41 | M468: =G468-G467 -> 0.29 | N468: =N467 -> 59.745 | O468: =O467 -> 51.155 | P468: =P467 -> 42.5425 | Q468: =Q467 -> 29.8825 | R468: =R467 -> 19.3775 | S468: =(B467+B468)/2 -> 59.095 | T468: =(C467+C468)/2 -> 50.465 | U468: =(D468+D467)/2 -> 41.88 | V468: =(E467+E468)/2 -> 29.41 | W468: =(F467+F468)/2 -> 19.365 | X468: =(SUM(B465:B468))/4 -> 58.58 | Y468: =(SUM(C465:C468))/4 -> 49.8475 | Z468: =(SUM(D465:D468))/4 -> 41.53 | AA468: =(SUM(E465:E468))/4 -> 29.165 | AB468: =(SUM(F465:F468))/4 -> 19.325 | AC468: =(B468+C468)/2 -> 55.555 | AD468: =(C468+D468)/2 -> 46.995 | AE468: =(D468+E468)/2 -> 36.14 | AF468: =(E468+F468)/2 -> 24.725 | AK468: =((V468+W468)/2)-5.35 -> 19.0375
A469: =A468+7 -> 44162 | B469: 62.68 | C469: 54.09 | D469: 45.26 | E469: 31.78 | F469: 19.59 | G469: 68.22 | H469: =B469-B468 -> 3.16 | I469: =C469-C468 -> 2.5 | J469: =D469-D468 -> 2.86 | K469: =E469-E468 -> 1.9 | L469: =F469-F468 -> 0.02 | M469: =G469-G468 -> 5.4 | N469: =N468 -> 59.745 | O469: =O468 -> 51.155 | P469: =P468 -> 42.5425 | Q469: =Q468 -> 29.8825 | R469: =R468 -> 19.3775 | S469: =(B468+B469)/2 -> 61.1 | T469: =(C468+C469)/2 -> 52.84 | U469: =(D469+D468)/2 -> 43.83 | V469: =(E468+E469)/2 -> 30.83 | W469: =(F468+F469)/2 -> 19.58 | X469: =(SUM(B466:B469))/4 -> 59.745 | Y469: =(SUM(C466:C469))/4 -> 51.155 | Z469: =(SUM(D466:D469))/4 -> 42.5425 | AA469: =(SUM(E466:E469))/4 -> 29.8825 | AB469: =(SUM(F466:F469))/4 -> 19.3775 | AC469: =(B469+C469)/2 -> 58.385 | AD469: =(C469+D469)/2 -> 49.675 | AE469: =(D469+E469)/2 -> 38.52 | AF469: =(E469+F469)/2 -> 25.685 | AK469: =((V469+W469)/2)-5.35 -> 19.855
A470: =A469+7 -> 44169 | B470: 67.05 | C470: 57.2 | D470: 47.99 | E470: 33.47 | F470: 21.06 | G470: 72.31 | H470: =B470-B469 -> 4.37 | I470: =C470-C469 -> 3.11 | J470: =D470-D469 -> 2.73 | K470: =E470-E469 -> 1.69 | L470: =F470-F469 -> 1.47 | M470: =G470-G469 -> 4.09 | N470: =N469 -> 59.745 | O470: =O469 -> 51.155 | P470: =P469 -> 42.5425 | Q470: =Q469 -> 29.8825 | R470: =R469 -> 19.3775 | S470: =(B469+B470)/2 -> 64.865 | T470: =(C469+C470)/2 -> 55.645 | U470: =(D470+D469)/2 -> 46.625 | V470: =(E469+E470)/2 -> 32.625 | W470: =(F469+F470)/2 -> 20.325 | X470: =(SUM(B467:B470))/4 -> 61.98 | Y470: =(SUM(C467:C470))/4 -> 53.055 | Z470: =(SUM(D467:D470))/4 -> 44.2525 | AA470: =(SUM(E467:E470))/4 -> 31.0175 | AB470: =(SUM(F467:F470))/4 -> 19.845 | AC470: =(B470+C470)/2 -> 62.125 | AD470: =(C470+D470)/2 -> 52.595 | AE470: =(D470+E470)/2 -> 40.73 | AF470: =(E470+F470)/2 -> 27.265 | AK470: =((V470+W470)/2)-5.35 -> 21.125
A471: =A470+7 -> 44176 | B471: 72.12 | C471: 61.7 | D471: 53.18 | E471: 36.11 | F471: 21.82 | G471: 77.91 | H471: =B471-B470 -> 5.07 | I471: =C471-C470 -> 4.5 | J471: =D471-D470 -> 5.19 | K471: =E471-E470 -> 2.64 | L471: =F471-F470 -> 0.76 | M471: =G471-G470 -> 5.6 | N471: =AVERAGE(B471:B474) -> 80.315 | O471: =AVERAGE(C471:C474) -> 68.0675 | P471: =AVERAGE(D471:D474) -> 62.015 | Q471: =AVERAGE(E471:E474) -> 41.73 | R471: =AVERAGE(F471:F474) -> 23.6525 | S471: =(B470+B471)/2 -> 69.585 | T471: =(C470+C471)/2 -> 59.45 | U471: =(D471+D470)/2 -> 50.585 | V471: =(E470+E471)/2 -> 34.79 | W471: =(F470+F471)/2 -> 21.44 | X471: =(SUM(B468:B471))/4 -> 65.3425 | Y471: =(SUM(C468:C471))/4 -> 56.145 | Z471: =(SUM(D468:D471))/4 -> 47.2075 | AA471: =(SUM(E468:E471))/4 -> 32.81 | AB471: =(SUM(F468:F471))/4 -> 20.51 | AC471: =(B471+C471)/2 -> 66.91 | AD471: =(C471+D471)/2 -> 57.44 | AE471: =(D471+E471)/2 -> 44.645 | AF471: =(E471+F471)/2 -> 28.965 | AK471: =((V471+W471)/2)-5.35 -> 22.765
A472: =A471+7 -> 44183 | B472: 80.35 | C472: 66.58 | D472: 62.02 | E472: 41.11 | F472: 23.31 | G472: 83.96 | H472: =B472-B471 -> 8.23 | I472: =C472-C471 -> 4.88 | J472: =D472-D471 -> 8.84 | K472: =E472-E471 -> 5 | L472: =F472-F471 -> 1.49 | M472: =G472-G471 -> 6.05 | N472: =N471 -> 80.315 | O472: =O471 -> 68.0675 | P472: =P471 -> 62.015 | Q472: =Q471 -> 41.73 | R472: =R471 -> 23.6525 | S472: =(B471+B472)/2 -> 76.235 | T472: =(C471+C472)/2 -> 64.14 | U472: =(D472+D471)/2 -> 57.6 | V472: =(E471+E472)/2 -> 38.61 | W472: =(F471+F472)/2 -> 22.565 | X472: =(SUM(B469:B472))/4 -> 70.55 | Y472: =(SUM(C469:C472))/4 -> 59.8925 | Z472: =(SUM(D469:D472))/4 -> 52.1125 | AA472: =(SUM(E469:E472))/4 -> 35.6175 | AB472: =(SUM(F469:F472))/4 -> 21.445 | AC472: =(B472+C472)/2 -> 73.465 | AD472: =(C472+D472)/2 -> 64.3 | AE472: =(D472+E472)/2 -> 51.565 | AF472: =(E472+F472)/2 -> 32.21 | AK472: =((V472+W472)/2)-5.35 -> 25.2375
A473: =A472+6 -> 44189 | B473: 85.1 | C473: 71.65 | D473: 66.85 | E473: 44.8 | F473: 24.54 | G473: 85.31 | H473: =B473-B472 -> 4.75 | I473: =C473-C472 -> 5.07 | J473: =D473-D472 -> 4.83 | K473: =E473-E472 -> 3.69 | L473: =F473-F472 -> 1.23 | M473: =G473-G472 -> 1.35 | N473: =N472 -> 80.315 | O473: =O472 -> 68.0675 | P473: =P472 -> 62.015 | Q473: =Q472 -> 41.73 | R473: =R472 -> 23.6525 | S473: =(B472+B473)/2 -> 82.725 | T473: =(C472+C473)/2 -> 69.115 | U473: =(D473+D472)/2 -> 64.435 | V473: =(E472+E473)/2 -> 42.955 | W473: =(F472+F473)/2 -> 23.925 | X473: =(SUM(B470:B473))/4 -> 76.155 | Y473: =(SUM(C470:C473))/4 -> 64.2825 | Z473: =(SUM(D470:D473))/4 -> 57.51 | AA473: =(SUM(E470:E473))/4 -> 38.8725 | AB473: =(SUM(F470:F473))/4 -> 22.6825 | AC473: =(B473+C473)/2 -> 78.375 | AD473: =(C473+D473)/2 -> 69.25 | AE473: =(D473+E473)/2 -> 55.825 | AF473: =(E473+F473)/2 -> 34.67 | AK473: =((V473+W473)/2)-5.35 -> 28.09
A474: =A473+7 -> 44196 | B474: 83.69 | C474: 72.34 | D474: 66.01 | E474: 44.9 | F474: 24.94 | G474: 83.72 | H474: =B474-B473 -> -1.41 | I474: =C474-C473 -> 0.69 | J474: =D474-D473 -> -0.84 | K474: =E474-E473 -> 0.1 | L474: =F474-F473 -> 0.4 | M474: =G474-G473 -> -1.59 | N474: =N473 -> 80.315 | O474: =O473 -> 68.0675 | P474: =P473 -> 62.015 | Q474: =Q473 -> 41.73 | R474: =R473 -> 23.6525 | S474: =(B473+B474)/2 -> 84.395 | T474: =(C473+C474)/2 -> 71.995 | U474: =(D474+D473)/2 -> 66.43 | V474: =(E473+E474)/2 -> 44.85 | W474: =(F473+F474)/2 -> 24.74 | X474: =(SUM(B471:B474))/4 -> 80.315 | Y474: =(SUM(C471:C474))/4 -> 68.0675 | Z474: =(SUM(D471:D474))/4 -> 62.015 | AA474: =(SUM(E471:E474))/4 -> 41.73 | AB474: =(SUM(F471:F474))/4 -> 23.6525 | AC474: =(B474+C474)/2 -> 78.015 | AD474: =(C474+D474)/2 -> 69.175 | AE474: =(D474+E474)/2 -> 55.455 | AF474: =(E474+F474)/2 -> 34.92 | AK474: =((V474+W474)/2)-5.35 -> 29.445
A475: =A474+8 -> 44204 | B475: 84.67 | C475: 78.16 | D475: 68.34 | E475: 45.56 | F475: 25.23 | G475: 80.78 | H475: =B475-B474 -> 0.98 | I475: =C475-C474 -> 5.82 | J475: =D475-D474 -> 2.33 | K475: =E475-E474 -> 0.66 | L475: =F475-F474 -> 0.29 | M475: =G475-G474 -> -2.94 | N475: =AVERAGE(B475:B478) -> 88.0775 | O475: =AVERAGE(C475:C478) -> 82.2375 | P475: =AVERAGE(D475:D478) -> 72.39 | Q475: =AVERAGE(E475:E478) -> 47.495 | R475: =AVERAGE(F475:F478) -> 26.47 | S475: =(B474+B475)/2 -> 84.18 | T475: =(C474+C475)/2 -> 75.25 | U475: =(D475+D474)/2 -> 67.175 | V475: =(E474+E475)/2 -> 45.23 | W475: =(F474+F475)/2 -> 25.085 | X475: =(SUM(B472:B475))/4 -> 83.4525 | Y475: =(SUM(C472:C475))/4 -> 72.1825 | Z475: =(SUM(D472:D475))/4 -> 65.805 | AA475: =(SUM(E472:E475))/4 -> 44.0925 | AB475: =(SUM(F472:F475))/4 -> 24.505 | AC475: =(B475+C475)/2 -> 81.415 | AD475: =(C475+D475)/2 -> 73.25 | AE475: =(D475+E475)/2 -> 56.95 | AF475: =(E475+F475)/2 -> 35.395 | AK475: =((V475+W475)/2)-5.35 -> 29.8075
A476: =A475+7 -> 44211 | B476: 88.34 | C476: 82.95 | D476: 72.37 | E476: 47.78 | F476: 26.55 | G476: 87.98 | H476: =B476-B475 -> 3.67 | I476: =C476-C475 -> 4.79 | J476: =D476-D475 -> 4.03 | K476: =E476-E475 -> 2.22 | L476: =F476-F475 -> 1.32 | M476: =G476-G475 -> 7.2 | N476: =N475 -> 88.0775 | O476: =O475 -> 82.2375 | P476: =P475 -> 72.39 | Q476: =Q475 -> 47.495 | R476: =R475 -> 26.47 | S476: =(B475+B476)/2 -> 86.505 | T476: =(C475+C476)/2 -> 80.555 | U476: =(D476+D475)/2 -> 70.355 | V476: =(E475+E476)/2 -> 46.67 | W476: =(F475+F476)/2 -> 25.89 | X476: =(SUM(B473:B476))/4 -> 85.45 | Y476: =(SUM(C473:C476))/4 -> 76.275 | Z476: =(SUM(D473:D476))/4 -> 68.3925 | AA476: =(SUM(E473:E476))/4 -> 45.76 | AB476: =(SUM(F473:F476))/4 -> 25.315 | AC476: =(B476+C476)/2 -> 85.645 | AD476: =(C476+D476)/2 -> 77.66 | AE476: =(D476+E476)/2 -> 60.075 | AF476: =(E476+F476)/2 -> 37.165 | AK476: =((V476+W476)/2)-5.35 -> 30.93
A477: =A476+7 -> 44218 | B477: 90.22 | C477: 85.98 | D477: 76.48 | E477: 49.95 | F477: 27.51 | G477: 87.92 | H477: =B477-B476 -> 1.88 | I477: =C477-C476 -> 3.03 | J477: =D477-D476 -> 4.11 | K477: =E477-E476 -> 2.17 | L477: =F477-F476 -> 0.96 | M477: =G477-G476 -> -0.06 | N477: =N476 -> 88.0775 | O477: =O476 -> 82.2375 | P477: =P476 -> 72.39 | Q477: =Q476 -> 47.495 | R477: =R476 -> 26.47 | S477: =(B476+B477)/2 -> 89.28 | T477: =(C476+C477)/2 -> 84.465 | U477: =(D477+D476)/2 -> 74.425 | V477: =(E476+E477)/2 -> 48.865 | W477: =(F476+F477)/2 -> 27.03 | X477: =(SUM(B474:B477))/4 -> 86.73 | Y477: =(SUM(C474:C477))/4 -> 79.8575 | Z477: =(SUM(D474:D477))/4 -> 70.8 | AA477: =(SUM(E474:E477))/4 -> 47.0475 | AB477: =(SUM(F474:F477))/4 -> 26.0575 | AC477: =(B477+C477)/2 -> 88.1 | AD477: =(C477+D477)/2 -> 81.23 | AE477: =(D477+E477)/2 -> 63.215 | AF477: =(E477+F477)/2 -> 38.73 | AK477: =((V477+W477)/2)-5.35 -> 32.5975
A478: =A477+7 -> 44225 | B478: 89.08 | C478: 81.86 | D478: 72.37 | E478: 46.69 | F478: 26.59 | G478: 90.46 | H478: =B478-B477 -> -1.14 | I478: =C478-C477 -> -4.12 | J478: =D478-D477 -> -4.11 | K478: =E478-E477 -> -3.26 | L478: =F478-F477 -> -0.92 | M478: =G478-G477 -> 2.54 | N478: =N477 -> 88.0775 | O478: =O477 -> 82.2375 | P478: =P477 -> 72.39 | Q478: =Q477 -> 47.495 | R478: =R477 -> 26.47 | S478: =(B477+B478)/2 -> 89.65 | T478: =(C477+C478)/2 -> 83.92 | U478: =(D478+D477)/2 -> 74.425 | V478: =(E477+E478)/2 -> 48.32 | W478: =(F477+F478)/2 -> 27.05 | X478: =(SUM(B475:B478))/4 -> 88.0775 | Y478: =(SUM(C475:C478))/4 -> 82.2375 | Z478: =(SUM(D475:D478))/4 -> 72.39 | AA478: =(SUM(E475:E478))/4 -> 47.495 | AB478: =(SUM(F475:F478))/4 -> 26.47 | AC478: =(B478+C478)/2 -> 85.47 | AD478: =(C478+D478)/2 -> 77.115 | AE478: =(D478+E478)/2 -> 59.53 | AF478: =(E478+F478)/2 -> 36.64 | AK478: =((V478+W478)/2)-5.35 -> 32.335
A479: =A478+7 -> 44232 | B479: 86.22 | C479: 77.95 | D479: 67.54 | E479: 39.51 | F479: 25.21 | G479: 85.65 | H479: =B479-B478 -> -2.86 | I479: =C479-C478 -> -3.91 | J479: =D479-D478 -> -4.83 | K479: =E479-E478 -> -7.18 | L479: =F479-F478 -> -1.38 | M479: =G479-G478 -> -4.81 | N479: =AVERAGE(B479:B482) -> 85.7125 | O479: =AVERAGE(C479:C482) -> 74.575 | P479: =AVERAGE(D479:D482) -> 65.57 | Q479: =AVERAGE(E479:E482) -> 39.2225 | R479: =AVERAGE(F479:F482) -> 24.825 | S479: =(B478+B479)/2 -> 87.65 | T479: =(C478+C479)/2 -> 79.905 | U479: =(D479+D478)/2 -> 69.955 | V479: =(E478+E479)/2 -> 43.1 | W479: =(F478+F479)/2 -> 25.9 | X479: =(SUM(B476:B479))/4 -> 88.465 | Y479: =(SUM(C476:C479))/4 -> 82.185 | Z479: =(SUM(D476:D479))/4 -> 72.19 | AA479: =(SUM(E476:E479))/4 -> 45.9825 | AB479: =(SUM(F476:F479))/4 -> 26.465 | AC479: =(B479+C479)/2 -> 82.085 | AD479: =(C479+D479)/2 -> 72.745 | AE479: =(D479+E479)/2 -> 53.525 | AF479: =(E479+F479)/2 -> 32.36 | AK479: =((V479+W479)/2)-5.35 -> 29.15
A480: 44238 | B480: 86.4 | C480: 74.16 | D480: 65.56 | E480: 38.41 | F480: 24.6 | G480: 88.4 | H480: =B480-B479 -> 0.18 | I480: =C480-C479 -> -3.79 | J480: =D480-D479 -> -1.98 | K480: =E480-E479 -> -1.1 | L480: =F480-F479 -> -0.61 | M480: =G480-G479 -> 2.75 | N480: =N479 -> 85.7125 | O480: =O479 -> 74.575 | P480: =P479 -> 65.57 | Q480: =Q479 -> 39.2225 | R480: =R479 -> 24.825 | S480: =(B479+B480)/2 -> 86.31 | T480: =(C479+C480)/2 -> 76.055 | U480: =(D480+D479)/2 -> 66.55 | V480: =(E479+E480)/2 -> 38.96 | W480: =(F479+F480)/2 -> 24.905 | X480: =(SUM(B477:B480))/4 -> 87.98 | Y480: =(SUM(C477:C480))/4 -> 79.9875 | Z480: =(SUM(D477:D480))/4 -> 70.4875 | AA480: =(SUM(E477:E480))/4 -> 43.64 | AB480: =(SUM(F477:F480))/4 -> 25.9775 | AC480: =(B480+C480)/2 -> 80.28 | AD480: =(C480+D480)/2 -> 69.86 | AE480: =(D480+E480)/2 -> 51.985 | AF480: =(E480+F480)/2 -> 31.505 | AK480: =((V480+W480)/2)-5.35 -> 26.5825
A481: 44246 | B481: 85.88 | C481: 74.13 | D481: 65.58 | E481: 39.57 | F481: 24.96 | G481: 85.79 | H481: =B481-B480 -> -0.52 | I481: =C481-C480 -> -0.03 | J481: =D481-D480 -> 0.02 | K481: =E481-E480 -> 1.16 | L481: =F481-F480 -> 0.36 | M481: =G481-G480 -> -2.61 | N481: =N480 -> 85.7125 | O481: =O480 -> 74.575 | P481: =P480 -> 65.57 | Q481: =Q480 -> 39.2225 | R481: =R480 -> 24.825 | S481: =(B480+B481)/2 -> 86.14 | T481: =(C480+C481)/2 -> 74.145 | U481: =(D481+D480)/2 -> 65.57 | V481: =(E480+E481)/2 -> 38.99 | W481: =(F480+F481)/2 -> 24.78 | X481: =(SUM(B478:B481))/4 -> 86.895 | Y481: =(SUM(C478:C481))/4 -> 77.025 | Z481: =(SUM(D478:D481))/4 -> 67.7625 | AA481: =(SUM(E478:E481))/4 -> 41.045 | AB481: =(SUM(F478:F481))/4 -> 25.34 | AC481: =(B481+C481)/2 -> 80.005 | AD481: =(C481+D481)/2 -> 69.855 | AE481: =(D481+E481)/2 -> 52.575 | AF481: =(E481+F481)/2 -> 32.265 | AK481: =((V481+W481)/2)-5.35 -> 26.535
A482: =A481+7 -> 44253 | B482: 84.35 | C482: 72.06 | D482: 63.6 | E482: 39.4 | F482: 24.53 | G482: 82.16 | H482: =B482-B481 -> -1.53 | I482: =C482-C481 -> -2.07 | J482: =D482-D481 -> -1.98 | K482: =E482-E481 -> -0.17 | L482: =F482-F481 -> -0.43 | M482: =G482-G481 -> -3.63 | N482: =N481 -> 85.7125 | O482: =O481 -> 74.575 | P482: =P481 -> 65.57 | Q482: =Q481 -> 39.2225 | R482: =R481 -> 24.825 | S482: =(B481+B482)/2 -> 85.115 | T482: =(C481+C482)/2 -> 73.095 | U482: =(D482+D481)/2 -> 64.59 | V482: =(E481+E482)/2 -> 39.485 | W482: =(F481+F482)/2 -> 24.745 | X482: =(SUM(B479:B482))/4 -> 85.7125 | Y482: =(SUM(C479:C482))/4 -> 74.575 | Z482: =(SUM(D479:D482))/4 -> 65.57 | AA482: =(SUM(E479:E482))/4 -> 39.2225 | AB482: =(SUM(F479:F482))/4 -> 24.825 | AC482: =(B482+C482)/2 -> 78.205 | AD482: =(C482+D482)/2 -> 67.83 | AE482: =(D482+E482)/2 -> 51.5 | AF482: =(E482+F482)/2 -> 31.965 | AK482: =((V482+W482)/2)-5.35 -> 26.765
A483: =A482+7 -> 44260 | B483: 84.66 | C483: 70.83 | D483: 61.77 | E483: 38.67 | F483: 24.09 | G483: 90.84 | H483: =B483-B482 -> 0.31 | I483: =C483-C482 -> -1.23 | J483: =D483-D482 -> -1.83 | K483: =E483-E482 -> -0.73 | L483: =F483-F482 -> -0.44 | M483: =G483-G482 -> 8.68 | N483: =AVERAGE(B483:B486) -> 85.75 | O483: =AVERAGE(C483:C486) -> 70.4325 | P483: =AVERAGE(D483:D486) -> 60.71 | Q483: =AVERAGE(E483:E486) -> 38.0325 | R483: =AVERAGE(F483:F486) -> 23.6475 | S483: =(B482+B483)/2 -> 84.505 | T483: =(C482+C483)/2 -> 71.445 | U483: =(D483+D482)/2 -> 62.685 | V483: =(E482+E483)/2 -> 39.035 | W483: =(F482+F483)/2 -> 24.31 | X483: =(SUM(B480:B483))/4 -> 85.3225 | Y483: =(SUM(C480:C483))/4 -> 72.795 | Z483: =(SUM(D480:D483))/4 -> 64.1275 | AA483: =(SUM(E480:E483))/4 -> 39.0125 | AB483: =(SUM(F480:F483))/4 -> 24.545 | AC483: =(B483+C483)/2 -> 77.745 | AD483: =(C483+D483)/2 -> 66.3 | AE483: =(D483+E483)/2 -> 50.22 | AF483: =(E483+F483)/2 -> 31.38 | AK483: =((V483+W483)/2)-5.35 -> 26.3225
A484: =A483+7 -> 44267 | B484: 84.79 | C484: 70.24 | D484: 59.88 | E484: 37.45 | F484: 23.77 | G484: 90.3 | H484: =B484-B483 -> 0.13 | I484: =C484-C483 -> -0.59 | J484: =D484-D483 -> -1.89 | K484: =E484-E483 -> -1.22 | L484: =F484-F483 -> -0.32 | M484: =G484-G483 -> -0.54 | N484: =N483 -> 85.75 | O484: =O483 -> 70.4325 | P484: =P483 -> 60.71 | Q484: =Q483 -> 38.0325 | R484: =R483 -> 23.6475 | S484: =(B483+B484)/2 -> 84.725 | T484: =(C483+C484)/2 -> 70.535 | U484: =(D484+D483)/2 -> 60.825 | V484: =(E483+E484)/2 -> 38.06 | W484: =(F483+F484)/2 -> 23.93 | X484: =(SUM(B481:B484))/4 -> 84.92 | Y484: =(SUM(C481:C484))/4 -> 71.815 | Z484: =(SUM(D481:D484))/4 -> 62.7075 | AA484: =(SUM(E481:E484))/4 -> 38.7725 | AB484: =(SUM(F481:F484))/4 -> 24.3375 | AC484: =(B484+C484)/2 -> 77.515 | AD484: =(C484+D484)/2 -> 65.06 | AE484: =(D484+E484)/2 -> 48.665 | AF484: =(E484+F484)/2 -> 30.61 | AK484: =((V484+W484)/2)-5.35 -> 25.645
A485: =A484+7 -> 44274 | B485: 85.53 | C485: 69.34 | D485: 59.34 | E485: 36.81 | F485: 23.32 | G485: 92.54 | H485: =B485-B484 -> 0.74 | I485: =C485-C484 -> -0.9 | J485: =D485-D484 -> -0.54 | K485: =E485-E484 -> -0.64 | L485: =F485-F484 -> -0.45 | M485: =G485-G484 -> 2.24 | N485: =N484 -> 85.75 | O485: =O484 -> 70.4325 | P485: =P484 -> 60.71 | Q485: =Q484 -> 38.0325 | R485: =R484 -> 23.6475 | S485: =(B484+B485)/2 -> 85.16 | T485: =(C484+C485)/2 -> 69.79 | U485: =(D485+D484)/2 -> 59.61 | V485: =(E484+E485)/2 -> 37.13 | W485: =(F484+F485)/2 -> 23.545 | X485: =(SUM(B482:B485))/4 -> 84.8325 | Y485: =(SUM(C482:C485))/4 -> 70.6175 | Z485: =(SUM(D482:D485))/4 -> 61.1475 | AA485: =(SUM(E482:E485))/4 -> 38.0825 | AB485: =(SUM(F482:F485))/4 -> 23.9275 | AC485: =(B485+C485)/2 -> 77.435 | AD485: =(C485+D485)/2 -> 64.34 | AE485: =(D485+E485)/2 -> 48.075 | AF485: =(E485+F485)/2 -> 30.065 | AK485: =((V485+W485)/2)-5.35 -> 24.9875
A486: =A485+7 -> 44281 | B486: 88.02 | C486: 71.32 | D486: 61.85 | E486: 39.2 | F486: 23.41 | G486: 103.95 | H486: =B486-B485 -> 2.49 | I486: =C486-C485 -> 1.98 | J486: =D486-D485 -> 2.51 | K486: =E486-E485 -> 2.39 | L486: =F486-F485 -> 0.09 | M486: =G486-G485 -> 11.41 | N486: =N485 -> 85.75 | O486: =O485 -> 70.4325 | P486: =P485 -> 60.71 | Q486: =Q485 -> 38.0325 | R486: =R485 -> 23.6475 | S486: =(B485+B486)/2 -> 86.775 | T486: =(C485+C486)/2 -> 70.33 | U486: =(D486+D485)/2 -> 60.595 | V486: =(E485+E486)/2 -> 38.005 | W486: =(F485+F486)/2 -> 23.365 | X486: =(SUM(B483:B486))/4 -> 85.75 | Y486: =(SUM(C483:C486))/4 -> 70.4325 | Z486: =(SUM(D483:D486))/4 -> 60.71 | AA486: =(SUM(E483:E486))/4 -> 38.0325 | AB486: =(SUM(F483:F486))/4 -> 23.6475 | AC486: =(B486+C486)/2 -> 79.67 | AD486: =(C486+D486)/2 -> 66.585 | AE486: =(D486+E486)/2 -> 50.525 | AF486: =(E486+F486)/2 -> 31.305 | AK486: =((V486+W486)/2)-5.35 -> 25.335
A487: 44287 | B487: 90.12 | C487: 75.05 | D487: 66.3 | E487: 43.9 | F487: 24.71 | G487: 99.38 | H487: =B487-B486 -> 2.1 | I487: =C487-C486 -> 3.73 | J487: =D487-D486 -> 4.45 | K487: =E487-E486 -> 4.7 | L487: =F487-F486 -> 1.3 | M487: =G487-G486 -> -4.57 | N487: =AVERAGE(B487:B491) -> 90.256 | O487: =AVERAGE(C487:C491) -> 78.708 | P487: =AVERAGE(D487:D491) -> 70.186 | Q487: =AVERAGE(E487:E491) -> 47.918 | R487: =AVERAGE(F487:F491) -> 25.92 | S487: =(B486+B487)/2 -> 89.07 | T487: =(C486+C487)/2 -> 73.185 | U487: =(D487+D486)/2 -> 64.075 | V487: =(E486+E487)/2 -> 41.55 | W487: =(F486+F487)/2 -> 24.06 | X487: =(SUM(B484:B487))/4 -> 87.115 | Y487: =(SUM(C484:C487))/4 -> 71.4875 | Z487: =(SUM(D484:D487))/4 -> 61.8425 | AA487: =(SUM(E484:E487))/4 -> 39.34 | AB487: =(SUM(F484:F487))/4 -> 23.8025 | AC487: =(B487+C487)/2 -> 82.585 | AD487: =(C487+D487)/2 -> 70.675 | AE487: =(D487+E487)/2 -> 55.1 | AF487: =(E487+F487)/2 -> 34.305 | AK487: =((V487+W487)/2)-5.35 -> 27.455
A488: 44295 | B488: 89.75 | C488: 76.38 | D488: 67.63 | E488: 45.44 | F488: 25.58 | G488: 92.7 | H488: =B488-B487 -> -0.37 | I488: =C488-C487 -> 1.33 | J488: =D488-D487 -> 1.33 | K488: =E488-E487 -> 1.54 | L488: =F488-F487 -> 0.87 | M488: =G488-G487 -> -6.68 | N488: =N487 -> 90.256 | O488: =O487 -> 78.708 | P488: =P487 -> 70.186 | Q488: =Q487 -> 47.918 | R488: =R487 -> 25.92 | S488: =(B487+B488)/2 -> 89.935 | T488: =(C487+C488)/2 -> 75.715 | U488: =(D488+D487)/2 -> 66.965 | V488: =(E487+E488)/2 -> 44.67 | W488: =(F487+F488)/2 -> 25.145 | X488: =(SUM(B485:B488))/4 -> 88.355 | Y488: =(SUM(C485:C488))/4 -> 73.0225 | Z488: =(SUM(D485:D488))/4 -> 63.78 | AA488: =(SUM(E485:E488))/4 -> 41.3375 | AB488: =(SUM(F485:F488))/4 -> 24.255 | AC488: =(B488+C488)/2 -> 83.065 | AD488: =(C488+D488)/2 -> 72.005 | AE488: =(D488+E488)/2 -> 56.535 | AF488: =(E488+F488)/2 -> 35.51 | AK488: =((V488+W488)/2)-5.35 -> 29.5575
...

Sheet HPB Calculation
A1: New Formula for coal price from Indonesian Government
A2: The price is minimum price from MINER
A4: HBA Formula (in 1st)
A5: HBA = (0.7*x1) + (0.3*x2) {US$/ton)
A6: X1 | B6: 70% derived from the weighted average FOB vessel sales price from the fourth week two months prior to the first week of the previous month
A7: X2 | B7: 30% from the weighted average FOB vessel sales price during the second and third weeks of two months prior.
A9: HBA Formula (in 15th)
A10: HBA = (0.7*x1) + (0.3*x2) {US$/ton)
A11: X1 | B11: 70% based on the weighted average FOB vessel sales price during the second and third weeks of the previous month.
A12: X2 | B12: 30% from the fourth week two months prior to the first week of the previous month.
A14: Spec | B14: GAR | C14: TM | D14: TS | E14: ASH | F14: Details
A15: HBA 0 | B15: 6322 | C15: 12.26 | D15: 0.66 | E15: 7.94 | F15: > 6000 GAR
A16: HBA I | B16: 5300 | C16: 21.32 | D16: 0.75 | E16: 6.04 | F16: > 5300 GAR - <6000 GAR
A17: HBA II | B17: 4100 | C17: 35.73 | D17: 0.23 | E17: 3.9 | F17: > 4100 GAR - <5,300 GAR
F18: < 4100 GAR - >3400 GAR
A19: HBA III | B19: 3400 | C19: 44.3 | D19: 0.24 | E19: 3.88 | F19: <3400 GAR
A20: HBA 90 | B20: 6322 | C20: 12.26 | D20: 0.66 | E20: 7.94 | F20: Domestic
A22: HBA Price
A23: Month | B23: HBA 0 | C23: HBA I | D23: HBA II | E23: HBA III | F23: Selisih HBA 1 - HBA II
A24: 45658 | B24: 124.24 | C24: 82.26 | D24: 52.75 | E24: 34.38 | F24: =C24-D24 -> 29.51
A25: 45689 | B25: 124.01 | C25: 83.95 | D25: 50.52 | E25: 34.7 | F25: =C25-D25 -> 33.43
A26: 45717 | B26: 128.24 | C26: 82.66 | D26: 50.7 | E26: 34.14 | F26: =C26-D26 -> 31.96
A27: 45731 | B27: 117.76 | C27: 80.7 | D27: 49.44 | E27: 33.17 | F27: =C27-D27 -> 31.26
A28: 45748 | B28: 123.32 | C28: 78.4 | D28: 49.54 | E28: 32.71 | F28: =C28-D28 -> 28.86
A29: 45762 | B29: 120.2 | C29: 78.46 | D29: 50.07 | E29: 34.32 | F29: =C29-D29 -> 28.39
A30: 45778 | B30: 121.15 | C30: 80.8 | D30: 50.43 | E30: 34.73 | F30: =C30-D30 -> 30.37
A31: 45792 | B31: 110.38 | C31: 76.62 | D31: 50.58 | E31: 35.42 | F31: =C31-D31 -> 26.04
A32: 45809 | B32: 100.97 | C32: 77.59 | D32: 50.08 | E32: 35.47
A33: 45823 | B33: 98.61 | C33: 75.64 | D33: 50.25 | E33: 36.14
A34: 45839 | B34: 107.35 | C34: 71.5 | D34: 49.78 | E34: 35.87
A35: 45853 | B35: 97.65 | C35: 75.94 | D35: 48.35 | E35: 36
A36: 45870 | B36: 102.22 | C36: 67.33 | D36: 45.74 | E36: 34.86
A37: 45884 | B37: 100.69 | C37: 67.2 | D37: 43.7 | E37: 33.48
A38: 45901 | B38: 105.33 | C38: 66.5 | D38: 42.3 | E38: 32.32
A39: 45915 | B39: 103.49 | C39: 64.4 | D39: 42.58 | E39: 32.78
A40: 45931 | B40: 106.94 | C40: 64.84 | D40: 43.12 | E40: 32.95
A41: 45945 | B41: 109.74 | C41: 67.76 | D41: 43.71 | E41: 33.92
A42: 45962 | B42: 103.75 | C42: 67.22 | D42: 44.02 | E42: 33.74
A43: 45976 | B43: 102.03 | C43: 67.29 | D43: 44.29 | E43: 33.88
... A50: 46082 | B50: 102.37 | C50: 71.29 | D50: 47.64 | E50: 34.25
A52: SOURCE | C52: KUALITAS | H52: ARB | I52: ARB | J52: HBA | K52: HBA | L52: HBA*K*TM | M52: FKA | N52: TS + ASH | O52: HPB | P52: FAKTOR | Q52: FINAL | R52: ICI Price | S52: Royalty | T52: Notes | U52: Delta | V52: Proposal | X52: HPB | Y52: GAP | Z52: Kurs BL | AA52: Harga RP
C53: GAR | D53: TM (ar, %) | E53: IM | F53: TS ADB | G53: ASH ADB | H53: TS (%) | I53: Ash (%) | J53: Category | K53: Price | P53: Harga Supplier | Q53: HPB Supplier | U53: ICI Vs. HPB | V53: Buyer | W53: Delta | X53: Prev. Month | Y53: Prev. Month
A54: BME Serelo / GAB | C54: 5350 | D54: 25 | E54: 11 | F54: 0.8 | G54: 6 | H54: =((100-D54)/(100-E54))*F54 -> 0.6741573 | I54: =((100-D54)/(100-E54))*G54 -> 5.0561798 | J54: =IF(C54>6000,"HBA 0",IF(C54>5300,"HBA I",IF(C54>4100,"HBA II","HBA III"))) -> HBA I | K54: {=IF(J54="", "", INDEX($B$24:$E$31, MATCH(DATE(2025,5,15), $A$24:$A$31, 0), MATCH(J54, $B$23:$E$23, 0)))} -> 76.62 | L54: =IF(J54="HBA 0", K54*C54/6322*((100 - D54)/(100 - 12.26)), IF(J54="HBA I", K54*C54/5300*((100 - D54)/(100 - 21.32)), IF(J54="HBA II", K54*C54/4100*((100 - D54)/(100 - 35.73)), IF(J54="HBA III", K54*C54/3400*((100 - D54)/((100 - 44.3)/M54)), "")))) -> 73.725372 | M54: =IF(C54<=3400, (((100 - 44.3)/(100 - D54))*D54 + (100 - 44.3))/100, IF(C54<4100, (((100 - 35.73)/(100 - D54))*D54 + (100 - 35.73))/100, "")) | N54: =IF(J54="HBA 0", (H54 - 0.66)*4 + (I54 - 7.94)*0.4, IF(J54="HBA I", (H54 - 0.75)*4 + (I54 - 6.04)*0.4, IF(J54="HBA II", (H54 - 0.23)*4 + (I54 - 3.9)*0.4, IF(J54="HBA III", (H54 - 0.24)*4 + (I54 - 3.88)*0.4, "")))) -> -0.69689888 | O54: =IF(C54>5999,K54*C54/6322*((100 - D54)/(100 - 12.26)) - N54,IF(C54>5299,K54*C54/5300*((100 - D54)/(100 - 21.32)) - N54,IF(C54>3999,K54*C54/4100*((100 - D54)/(100 - 35.73)) - N54,IF(C54>3399,K54*C54/4100*((100 - D54)/(100 - (35.73/M54))) - N54,K54*C54/3400*((100 - D54)/((100 - 44.3)/M54)) - N54)))) -> 74.422271 | R54: 0 | S54: =((#REF!*50%)+(#REF!*50%))+R54 -> #REF!
A55: BME Serelo / GAB (II) | C55: 5301 | D55: 26.34 | E55: 11.8 | F55: 0.65 | G55: 3.17 | H55: =((100-D55)/(100-E55))*F55 -> 0.5428458 | I55: =((100-D55)/(100-E55))*G55 -> 2.6474172 | J55: =IF(C55>6000,"HBA 0",IF(C55>5300,"HBA I",IF(C55>4100,"HBA II","HBA III"))) -> HBA I | K55: {=IF(J55="", "", INDEX($B$24:$E$30, MATCH(DATE(2025,4,15), $A$24:$A$30, 0), MATCH(J55, $B$23:$E$23, 0)))} -> 78.46 | L55: =IF(J55="HBA 0", K55*C55/6322*((100 - D55)/(100 - 12.26)), IF(J55="HBA I", K55*C55/5300*((100 - D55)/(100 - 21.32)), IF(J55="HBA II", K55*C55/4100*((100 - D55)/(100 - 35.73)), IF(J55="HBA III", K55*C55/3400*((100 - D55)/((100 - 44.3)/M55)), "")))) -> 73.467896 | M55: =IF(C55<=3400, (((100 - 44.3)/(100 - D55))*D55 + (100 - 44.3))/100, IF(C55<4100, (((100 - 35.73)/(100 - D55))*D55 + (100 - 35.73))/100, "")) | N55: =IF(J55="HBA 0", (H55 - 0.66)*4 + (I55 - 7.94)*0.4, IF(J55="HBA I", (H55 - 0.75)*4 + (I55 - 6.04)*0.4, IF(J55="HBA II", (H55 - 0.23)*4 + (I55 - 3.9)*0.4, IF(J55="HBA III", (H55 - 0.24)*4 + (I55 - 3.88)*0.4, "")))) -> -2.1856499 | O55: =IF(C55>5999,K55*C55/6322*((100 - D55)/(100 - 12.26)) - N55,IF(C55>5299,K55*C55/5299*((100 - D55)/(100 - 21.32)) - N55,IF(C55>3999,K55*C55/4100*((100 - D55)/(100 - 35.73)) - N55,IF(C55>3399,K55*C55/4100*((100 - D55)/(100 - (35.73/M55))) - N55,K55*C55/3400*((100 - D55)/((100 - 44.3)/M55)) - N55)))) -> 75.66741 | R55: 0 | S55: =(((#REF!*50%)+(#REF!*50%))*C55/5400)+R55 -> #REF!
A56: BME - SE Marina 01 | C56: 5300 | D56: 26.58 | E56: 12.68 | F56: 0.51 | G56: 3.3 | H56: =((100-D56)/(100-E56))*F56 -> 0.42881585 | I56: =((100-D56)/(100-E56))*G56 -> 2.7746908 | J56: =IF(C56>5999,"HBA 0",IF(C56>5299,"HBA I",IF(C56>4099,"HBA II","HBA III"))) -> HBA I | K56: =IF(J56="", "", INDEX($B$24:$E$31, MATCH(DATE(2025,4,15), $A$24:$A$31, 0), MATCH(J56, $B$23:$E$23, 0))) -> 78.46 | L56: =IF(J56="HBA 0", K56*C56/6322*((100 - D56)/(100 - 12.26)), IF(J56="HBA I", K56*C56/5300*((100 - D56)/(100 - 21.32)), IF(J56="HBA II", K56*C56/4100*((100 - D56)/(100 - 35.73)), IF(J56="HBA III", K56*C56/3400*((100 - D56)/((100 - 44.3)/M56)), "")))) -> 73.214708 | M56: =IF(C56<=3400, (((100 - 44.3)/(100 - D56))*D56 + (100 - 44.3))/100, IF(C56<4100, (((100 - 35.73)/(100 - D56))*D56 + (100 - 35.73))/100, "")) | N56: =IF(J56="HBA 0", (H56 - 0.66)*4 + (I56 - 7.94)*0.4, IF(J56="HBA I", (H56 - 0.75)*4 + (I56 - 6.04)*0.4, IF(J56="HBA II", (H56 - 0.23)*4 + (I56 - 3.9)*0.4, IF(J56="HBA III", (H56 - 0.24)*4 + (I56 - 3.88)*0.4, "")))) -> -2.5908603 | O56: =IF(C56>5999,K56*C56/6322*((100 - D56)/(100 - 12.26)) - N56,IF(C56>5299,K56*C56/5299*((100 - D56)/(100 - 21.32)) - N56,IF(C56>3999,K56*C56/4100*((100 - D56)/(100 - 35.73)) - N56,IF(C56>3399,K56*C56/4100*((100 - D56)/(100 - (35.73/M56))) - N56,K56*C56/3400*((100 - D56)/((100 - 44.3)/M56)) - N56)))) -> 75.819385 | R56: 0 | S56: =(((#REF!*50%)+(#REF!*50%))*C56/5400)+R56 -> #REF!
A57: BME - SE Marina 02 | C57: 5302 | D57: 26.1 | E57: 10.91 | F57: 0.8 | G57: 3.03 | H57: =((100-D57)/(100-E57))*F57 -> 0.66359861 | I57: =((100-D57)/(100-E57))*G57 -> 2.5133797 | J57: =IF(C57>5999,"HBA 0",IF(C57>5299,"HBA I",IF(C57>4099,"HBA II","HBA III"))) -> HBA I | K57: =IF(J57="", "", INDEX($B$24:$E$31, MATCH(DATE(2025,4,15), $A$24:$A$31, 0), MATCH(J57, $B$23:$E$23, 0))) -> 78.46 | L57: =IF(J57="HBA 0", K57*C57/6322*((100 - D57)/(100 - 12.26)), IF(J57="HBA I", K57*C57/5300*((100 - D57)/(100 - 21.32)), IF(J57="HBA II", K57*C57/4100*((100 - D57)/(100 - 35.73)), IF(J57="HBA III", K57*C57/3400*((100 - D57)/((100 - 44.3)/M57)), "")))) -> 73.721174 | M57: =IF(C57<=3400, (((100 - 44.3)/(100 - D57))*D57 + (100 - 44.3))/100, IF(C57<4100, (((100 - 35.73)/(100 - D57))*D57 + (100 - 35.73))/100, "")) | N57: =IF(J57="HBA 0", (H57 - 0.66)*4 + (I57 - 7.94)*0.4, IF(J57="HBA I", (H57 - 0.75)*4 + (I57 - 6.04)*0.4, IF(J57="HBA II", (H57 - 0.23)*4 + (I57 - 3.9)*0.4, IF(J57="HBA III", (H57 - 0.24)*4 + (I57 - 3.88)*0.4, "")))) -> -1.7562537 | O57: =IF(C57>5999,K57*C57/6322*((100 - D57)/(100 - 12.26)) - N57,IF(C57>5299,K57*C57/5299*((100 - D57)/(100 - 21.32)) - N57,IF(C57>3999,K57*C57/4100*((100 - D57)/(100 - 35.73)) - N57,IF(C57>3399,K57*C57/4100*((100 - D57)/(100 - (35.73/M57))) - N57,K57*C57/3400*((100 - D57)/((100 - 44.3)/M57)) - N57)))) -> 75.49134
A58: MBL E.Kal | C58: 5400 | D58: 22 | E58: 14 | F58: 1 | G58: 6 | H58: =((100-D58)/(100-E58))*F58 -> 0.90697674 | I58: =((100-D58)/(100-E58))*G58 -> 5.4418605 | J58: =IF(C58>6000,"HBA 0",IF(C58>5300,"HBA I",IF(C58>4100,"HBA II","HBA III"))) -> HBA I | K58: =IF(J58="", "", INDEX($B$24:$E$30, MATCH(DATE(2025,5,1), $A$24:$A$30, 0), MATCH(J58, $B$23:$E$23, 0))) -> 80.8 | L58: =IF(J58="HBA 0", K58*C58/6322*((100 - D58)/(100 - 12.26)), IF(J58="HBA I", K58*C58/5300*((100 - D58)/(100 - 21.32)), IF(J58="HBA II", K58*C58/4100*((100 - D58)/(100 - 35.73)), IF(J58="HBA III", K58*C58/3400*((100 - D58)/((100 - 44.3)/M58)), "")))) -> 81.61303 | M58: =IF(C58<=3400, (((100 - 44.3)/(100 - D58))*D58 + (100 - 44.3))/100, IF(C58<4100, (((100 - 35.73)/(100 - D58))*D58 + (100 - 35.73))/100, "")) | N58: =IF(J58="HBA 0", (H58 - 0.66)*4 + (I58 - 7.94)*0.4, IF(J58="HBA I", (H58 - 0.75)*4 + (I58 - 6.04)*0.4, IF(J58="HBA II", (H58 - 0.23)*4 + (I58 - 3.9)*0.4, IF(J58="HBA III", (H58 - 0.24)*4 + (I58 - 3.88)*0.4, "")))) -> 0.38865116 | O58: =IF(C58>5999,K58*C58/6322*((100 - D58)/(100 - 12.26)) - N58,IF(C58>5299,K58*C58/5300*((100 - D58)/(100 - 21.32)) - N58,IF(C58>3999,K58*C58/4100*((100 - D58)/(100 - 35.73)) - N58,IF(C58>3399,K58*C58/4100*((100 - D58)/(100 - (35.73/M58))) - N58,K58*C58/3400*((100 - D58)/((100 - 44.3)/M58)) - N58)))) -> 81.224379 | R58: 1.9 | S58: =((#REF!*50%)+(#REF!*50%))+R58 -> #REF!
A59: MBL E.Kal (II) | C59: 5200 | D59: 22 | E59: 14 | F59: 1 | G59: 8 | H59: =((100-D59)/(100-E59))*F59 -> 0.90697674 | I59: =((100-D59)/(100-E59))*G59 -> 7.255814 | J59: =IF(C59>6000,"HBA 0",IF(C59>5300,"HBA I",IF(C59>4100,"HBA II","HBA III"))) -> HBA II | K59: =IF(J59="", "", INDEX($B$24:$E$30, MATCH(DATE(2025,5,1), $A$24:$A$30, 0), MATCH(J59, $B$23:$E$23, 0))) -> 50.43 | L59: =IF(J59="HBA 0", K59*C59/6322*((100 - D59)/(100 - 12.26)), IF(J59="HBA I", K59*C59/5300*((100 - D59)/(100 - 21.32)), IF(J59="HBA II", K59*C59/4100*((100 - D59)/(100 - 35.73)), IF(J59="HBA III", K59*C59/3400*((100 - D59)/((100 - 44.3)/M59)), "")))) -> 77.623775 | M59: =IF(C59<=3400, (((100 - 44.3)/(100 - D59))*D59 + (100 - 44.3))/100, IF(C59<4100, (((100 - 35.73)/(100 - D59))*D59 + (100 - 35.73))/100, "")) | N59: =IF(J59="HBA 0", (H59 - 0.66)*4 + (I59 - 7.94)*0.4, IF(J59="HBA I", (H59 - 0.75)*4 + (I59 - 6.04)*0.4, IF(J59="HBA II", (H59 - 0.23)*4 + (I59 - 3.9)*0.4, IF(J59="HBA III", (H59 - 0.24)*4 + (I59 - 3.88)*0.4, "")))) -> 4.0502326 | O59: =IF(C59>5999,K59*C59/6322*((100 - D59)/(100 - 12.26)) - N59,IF(C59>5299,K59*C59/5300*((100 - D59)/(100 - 21.32)) - N59,IF(C59>3999,K59*C59/4100*((100 - D59)/(100 - 35.73)) - N59,IF(C59>3399,K59*C59/4100*((100 - D59)/(100 - (35.73/M59))) - N59,K59*C59/3400*((100 - D59)/((100 - 44.3)/M59)) - N59)))) -> 73.573542 | R59: 1.9 | S59: =(((#REF!*50%)+(#REF!*50%))*C59/5400)+R59 -> #REF!
A60: PTBA 5000 | C60: 5000 | D60: 28 | E60: 13 | F60: 0.8 | G60: 8 | H60: =((100-D60)/(100-E60))*F60 -> 0.66206897 | I60: =((100-D60)/(100-E60))*G60 -> 6.6206897 | J60: =IF(C60>6000,"HBA 0",IF(C60>5300,"HBA I",IF(C60>4100,"HBA II","HBA III"))) -> HBA II | K60: {=IF(J60="", "", INDEX($B$24:$E$34, MATCH(DATE(2025,7,1), $A$24:$A$34, 0), MATCH(J60, $B$23:$E$23, 0)))} -> 49.78 | L60: =IF(J60="HBA 0", K60*C60/6322*((100 - D60)/(100 - 12.26)), IF(J60="HBA I", K60*C60/5300*((100 - D60)/(100 - 21.32)), IF(J60="HBA II", K60*C60/4100*((100 - D60)/(100 - 35.73)), IF(J60="HBA III", K60*C60/3400*((100 - D60)/((100 - 44.3)/M60)), "")))) -> 68.00882 | M60: =IF(C60<=3400, (((100 - 44.3)/(100 - D60))*D60 + (100 - 44.3))/100, IF(C60<4100, (((100 - 35.73)/(100 - D60))*D60 + (100 - 35.73))/100, "")) | N60: =IF(J60="HBA 0", (H60 - 0.66)*4 + (I60 - 7.94)*0.4, IF(J60="HBA I", (H60 - 0.75)*4 + (I60 - 6.04)*0.4, IF(J60="HBA II", (H60 - 0.23)*4 + (I60 - 3.9)*0.4, IF(J60="HBA III", (H60 - 0.24)*4 + (I60 - 3.88)*0.4, "")))) -> 2.8165517 | O60: =IF(C60>5999,K60*C60/6322*((100 - D60)/(100 - 12.26)) - N60,IF(C60>5299,K60*C60/5300*((100 - D60)/(100 - 21.32)) - N60,IF(C60>3999,K60*C60/4100*((100 - D60)/(100 - 35.73)) - N60,IF(C60>3399,K60*C60/4100*((100 - D60)/(100 - (35.73/M60))) - N60,K60*C60/3400*((100 - D60)/((100 - 44.3)/M60)) - N60)))) -> 65.192268 | P60: 3.01 | Q60: =O60+P60 -> 68.202268 | R60: 0.75 | S60: =AVERAGE(#REF!)+0.75 -> #REF!
A61: MV. YIN NING | C61: 5000 | D61: 29.75 | E61: 14.73 | F61: 0.66 | G61: 5.75 | H61: =((100-D61)/(100-E61))*F61 -> 0.5437434 | I61: =((100-D61)/(100-E61))*G61 -> 4.7371584 | J61: =IF(C61>6000,"HBA 0",IF(C61>5300,"HBA I",IF(C61>4100,"HBA II","HBA III"))) -> HBA II | K61: {=IF(J61="", "", INDEX($B$24:$E$31, MATCH(DATE(2025,5,15), $A$24:$A$31, 0), MATCH(J61, $B$23:$E$23, 0)))} -> 50.58 | L61: =IF(J61="HBA 0", K61*C61/6322*((100 - D61)/(100 - 12.26)), IF(J61="HBA I", K61*C61/5300*((100 - D61)/(100 - 21.32)), IF(J61="HBA II", K61*C61/4100*((100 - D61)/(100 - 35.73)), IF(J61="HBA III", K61*C61/3400*((100 - D61)/((100 - 44.3)/M61)), "")))) -> 67.422213 | M61: =IF(C61<=3400, (((100 - 44.3)/(100 - D61))*D61 + (100 - 44.3))/100, IF(C61<4100, (((100 - 35.73)/(100 - D61))*D61 + (100 - 35.73))/100, "")) | N61: =IF(J61="HBA 0", (H61 - 0.66)*4 + (I61 - 7.94)*0.4, IF(J61="HBA I", (H61 - 0.75)*4 + (I61 - 6.04)*0.4, IF(J61="HBA II", (H61 - 0.23)*4 + (I61 - 3.9)*0.4, IF(J61="HBA III", (H61 - 0.24)*4 + (I61 - 3.88)*0.4, "")))) -> 1.589837 | O61: =IF(C61>5999,K61*C61/6322*((100 - D61)/(100 - 12.26)) - N61,IF(C61>5299,K61*C61/5300*((100 - D61)/(100 - 21.32)) - N61,IF(C61>3999,K61*C61/4100*((100 - D61)/(100 - 35.73)) - N61,IF(C61>3399,K61*C61/4100*((100 - D61)/(100 - (35.73/M61))) - N61,K61*C61/3400*((100 - D61)/((100 - 44.3)/M61)) - N61)))) -> 65.832376 | P61: 4.69 | Q61: =O61+P61 -> 70.522376 | S61: =(AVERAGE(#REF!))*4800/5000 -> #REF!
A62: MV. GOLDEN MARINE+46:51A7346:5046:52A7346:5046:53A7346:5046:54A7346:5046:55A7346:5046:59 | C62: 5007 | D62: 30.55 | E62: 13.39 | F62: 0.79 | G62: 7.57 | H62: =((100-D62)/(100-E62))*F62 -> 0.63347766 | I62: =((100-D62)/(100-E62))*G62 -> 6.0701593 | J62: =IF(C62>6000,"HBA 0",IF(C62>5300,"HBA I",IF(C62>4100,"HBA II","HBA III"))) -> HBA II | K62: =IF(J62="", "", INDEX($B$24:$E$33, MATCH(DATE(2025,6,15), $A$24:$A$33, 0), MATCH(J62, $B$23:$E$23, 0))) -> 50.25 | L62: =IF(J62="HBA 0", K62*C62/6322*((100 - D62)/(100 - 12.26)), IF(J62="HBA I", K62*C62/5300*((100 - D62)/(100 - 21.32)), IF(J62="HBA II", K62*C62/4100*((100 - D62)/(100 - 35.73)), IF(J62="HBA III", K62*C62/3400*((100 - D62)/((100 - 44.3)/M62)), "")))) -> 66.312248 | M62: =IF(C62<=3400, (((100 - 44.3)/(100 - D62))*D62 + (100 - 44.3))/100, IF(C62<4100, (((100 - 35.73)/(100 - D62))*D62 + (100 - 35.73))/100, "")) | N62: =IF(J62="HBA 0", (H62 - 0.66)*4 + (I62 - 7.94)*0.4, IF(J62="HBA I", (H62 - 0.75)*4 + (I62 - 6.04)*0.4, IF(J62="HBA II", (H62 - 0.23)*4 + (I62 - 3.9)*0.4, IF(J62="HBA III", (H62 - 0.24)*4 + (I62 - 3.88)*0.4, "")))) -> 2.4819744 | O62: =IF(C62>5999,K62*C62/6322*((100 - D62)/(100 - 12.26)) - N62,IF(C62>5299,K62*C62/5300*((100 - D62)/(100 - 21.32)) - N62,IF(C62>3999,K62*C62/4100*((100 - D62)/(100 - 35.73)) - N62,IF(C62>3399,K62*C62/4100*((100 - D62)/(100 - (35.73/M62))) - N62,K62*C62/3400*((100 - D62)/((100 - 44.3)/M62)) - N62)))) -> 63.830274
A63: Khotai Makmur "KMIA" | C63: 5400 | D63: 19 | E63: 14 | F63: 0.2 | G63: 6 | H63: =((100-D63)/(100-E63))*F63 -> 0.18837209 | I63: =((100-D63)/(100-E63))*G63 -> 5.6511628 | J63: =IF(C63>6000,"HBA 0",IF(C63>5300,"HBA I",IF(C63>4100,"HBA II","HBA III"))) -> HBA I | K63: =IF(J63="", "", INDEX($B$24:$E$33, MATCH(DATE(2025,6,15), $A$24:$A$33, 0), MATCH(J63, $B$23:$E$23, 0))) -> 75.64 | L63: =IF(J63="HBA 0", K63*C63/6322*((100 - D63)/(100 - 12.26)), IF(J63="HBA I", K63*C63/5300*((100 - D63)/(100 - 21.32)), IF(J63="HBA II", K63*C63/4100*((100 - D63)/(100 - 35.73)), IF(J63="HBA III", K63*C63/3400*((100 - D63)/((100 - 44.3)/M63)), "")))) -> 79.339613 | M63: =IF(C63<=3400, (((100 - 44.3)/(100 - D63))*D63 + (100 - 44.3))/100, IF(C63<4100, (((100 - 35.73)/(100 - D63))*D63 + (100 - 35.73))/100, "")) | N63: =IF(J63="HBA 0", (H63 - 0.66)*4 + (I63 - 7.94)*0.4, IF(J63="HBA I", (H63 - 0.75)*4 + (I63 - 6.04)*0.4, IF(J63="HBA II", (H63 - 0.23)*4 + (I63 - 3.9)*0.4, IF(J63="HBA III", (H63 - 0.24)*4 + (I63 - 3.88)*0.4, "")))) -> -2.4020465 | O63: =IF(C63>5999,K63*C63/6322*((100 - D63)/(100 - 12.26)) - N63,IF(C63>5299,K63*C63/5300*((100 - D63)/(100 - 21.32)) - N63,IF(C63>3999,K63*C63/4100*((100 - D63)/(100 - 35.73)) - N63,IF(C63>3399,K63*C63/4100*((100 - D63)/(100 - (35.73/M63))) - N63,K63*C63/3400*((100 - D63)/((100 - 44.3)/M63)) - N63)))) -> 81.74166 | P63: -7.12 | Q63: =O63+P63 -> 74.62166
A64: Khotai Makmur "KMIA" Actual | C64: 5358 | D64: 20.5 | E64: 9.21 | F64: 0.2 | G64: 5.23 | H64: =((100-D64)/(100-E64))*F64 -> 0.17512942 | I64: =((100-D64)/(100-E64))*G64 -> 4.5796343 | J64: =IF(C64>6000,"HBA 0",IF(C64>5300,"HBA I",IF(C64>4100,"HBA II","HBA III"))) -> HBA I | K64: =IF(J64="", "", INDEX($B$24:$E$30, MATCH(DATE(2025,5,1), $A$24:$A$30, 0), MATCH(J64, $B$23:$E$23, 0))) -> 80.8 | L64: =IF(J64="HBA 0", K64*C64/6322*((100 - D64)/(100 - 12.26)), IF(J64="HBA I", K64*C64/5300*((100 - D64)/(100 - 21.32)), IF(J64="HBA II", K64*C64/4100*((100 - D64)/(100 - 35.73)), IF(J64="HBA III", K64*C64/3400*((100 - D64)/((100 - 44.3)/M64)), "")))) -> 82.535536 | M64: =IF(C64<=3400, (((100 - 44.3)/(100 - D64))*D64 + (100 - 44.3))/100, IF(C64<4100, (((100 - 35.73)/(100 - D64))*D64 + (100 - 35.73))/100, "")) | N64: =IF(J64="HBA 0", (H64 - 0.66)*4 + (I64 - 7.94)*0.4, IF(J64="HBA I", (H64 - 0.75)*4 + (I64 - 6.04)*0.4, IF(J64="HBA II", (H64 - 0.23)*4 + (I64 - 3.9)*0.4, IF(J64="HBA III", (H64 - 0.24)*4 + (I64 - 3.88)*0.4, "")))) -> -2.8836286 | O64: =IF(C64>5999,K64*C64/6322*((100 - D64)/(100 - 12.26)) - N64,IF(C64>5299,K64*C64/5300*((100 - D64)/(100 - 21.32)) - N64,IF(C64>3999,K64*C64/4100*((100 - D64)/(100 - 35.73)) - N64,IF(C64>3399,K64*C64/4100*((100 - D64)/(100 - (35.73/M64))) - N64,K64*C64/3400*((100 - D64)/((100 - 44.3)/M64)) - N64)))) -> 85.419165 | P64: -7.12 | Q64: =O64+P64 -> 78.299165
A65: Mind ID 4800 | C65: 4800 | D65: 30 | E65: 14 | F65: 0.8 | G65: 8 | H65: =((100-D65)/(100-E65))*F65 -> 0.65116279 | I65: =((100-D65)/(100-E65))*G65 -> 6.5116279 | J65: =IF(C65>6000,"HBA 0",IF(C65>5300,"HBA I",IF(C65>4100,"HBA II","HBA III"))) -> HBA II | K65: =IF(J65="", "", INDEX($B$24:$E$30, MATCH(DATE(2025,5,1), $A$24:$A$30, 0), MATCH(J65, $B$23:$E$23, 0))) -> 50.43 | L65: =IF(J65="HBA 0", K65*C65/6322*((100 - D65)/(100 - 12.26)), IF(J65="HBA I", K65*C65/5300*((100 - D65)/(100 - 21.32)), IF(J65="HBA II", K65*C65/4100*((100 - D65)/(100 - 35.73)), IF(J65="HBA III", K65*C65/3400*((100 - D65)/((100 - 44.3)/M65)), "")))) -> 64.303719 | M65: =IF(C65<=3400, (((100 - 44.3)/(100 - D65))*D65 + (100 - 44.3))/100, IF(C65<4100, (((100 - 35.73)/(100 - D65))*D65 + (100 - 35.73))/100, "")) | N65: =IF(J65="HBA 0", (H65 - 0.66)*4 + (I65 - 7.94)*0.4, IF(J65="HBA I", (H65 - 0.75)*4 + (I65 - 6.04)*0.4, IF(J65="HBA II", (H65 - 0.23)*4 + (I65 - 3.9)*0.4, IF(J65="HBA III", (H65 - 0.24)*4 + (I65 - 3.88)*0.4, "")))) -> 2.7293023 | O65: =IF(C65>5999,K65*C65/6322*((100 - D65)/(100 - 12.26)) - N65,IF(C65>5299,K65*C65/5300*((100 - D65)/(100 - 21.32)) - N65,IF(C65>3999,K65*C65/4100*((100 - D65)/(100 - 35.73)) - N65,IF(C65>3399,K65*C65/4100*((100 - D65)/(100 - (35.73/M65))) - N65,K65*C65/3400*((100 - D65)/((100 - 44.3)/M65)) - N65)))) -> 61.574416 | R65: 1.15 | S65: =(#REF!*C65/5000)+R65 -> #REF!
A66: Mind ID 5000 | D66: 28 | E66: 13 | F66: 0.8 | G66: 8 | H66: =((100-D66)/(100-E66))*F66 -> 0.66206897 | I66: =((100-D66)/(100-E66))*G66 -> 6.6206897 | J66: =IF(C66>6000,"HBA 0",IF(C66>5300,"HBA I",IF(C66>4100,"HBA II","HBA III"))) -> HBA III | K66: =IF(J66="", "", INDEX($B$24:$E$30, MATCH(DATE(2025,5,1), $A$24:$A$30, 0), MATCH(J66, $B$23:$E$23, 0))) -> 34.73 | L66: =IF(J66="HBA 0", K66*C66/6322*((100 - D66)/(100 - 12.26)), IF(J66="HBA I", K66*C66/5300*((100 - D66)/(100 - 21.32)), IF(J66="HBA II", K66*C66/4100*((100 - D66)/(100 - 35.73)), IF(J66="HBA III", K66*C66/3400*((100 - D66)/((100 - 44.3)/M66)), "")))) -> 0 | M66: =IF(C66<=3400, (((100 - 44.3)/(100 - D66))*D66 + (100 - 44.3))/100, IF(C66<4100, (((100 - 35.73)/(100 - D66))*D66 + (100 - 35.73))/100, "")) -> 0.77361111 | N66: =IF(J66="HBA 0", (H66 - 0.66)*4 + (I66 - 7.94)*0.4, IF(J66="HBA I", (H66 - 0.75)*4 + (I66 - 6.04)*0.4, IF(J66="HBA II", (H66 - 0.23)*4 + (I66 - 3.9)*0.4, IF(J66="HBA III", (H66 - 0.24)*4 + (I66 - 3.88)*0.4, "")))) -> 2.7845517 | O66: =IF(C66>5999,K66*C66/6322*((100 - D66)/(100 - 12.26)) - N66,IF(C66>5299,K66*C66/5300*((100 - D66)/(100 - 21.32)) - N66,IF(C66>3999,K66*C66/4100*((100 - D66)/(100 - 35.73)) - N66,IF(C66>3399,K66*C66/4100*((100 - D66)/(100 - (35.73/M66))) - N66,K66*C66/3400*((100 - D66)/((100 - 44.3)/M66)) - N66)))) -> -2.7845517 | R66: 1.45 | S66: =#REF!+R66 -> #REF!
A67: Tri Oetama "Triop" | C67: 4200 | D67: 36 | E67: 16 | F67: 0.4 | G67: 8 | H67: =((100-D67)/(100-E67))*F67 -> 0.3047619 | I67: =((100-D67)/(100-E67))*G67 -> 6.0952381 | J67: =IF(C67>6000,"HBA 0",IF(C67>5300,"HBA I",IF(C67>4100,"HBA II","HBA III"))) -> HBA II | K67: {=IF(J67="", "", INDEX($B$24:$E$33, MATCH(DATE(2025,6,15), $A$24:$A$33, 0), MATCH(J67, $B$23:$E$23, 0)))} -> 50.25 | L67: =IF(J67="HBA 0", K67*C67/6322*((100 - D67)/(100 - 12.26)), IF(J67="HBA I", K67*C67/5300*((100 - D67)/(100 - 21.32)), IF(J67="HBA II", K67*C67/4100*((100 - D67)/(100 - 35.73)), IF(J67="HBA III", K67*C67/3400*((100 - D67)/((100 - 44.3)/M67)), "")))) -> 51.259359 | M67: =IF(C67<=3400, (((100 - 44.3)/(100 - D67))*D67 + (100 - 44.3))/100, IF(C67<4100, (((100 - 35.73)/(100 - D67))*D67 + (100 - 35.73))/100, "")) | N67: =IF(J67="HBA 0", (H67 - 0.66)*4 + (I67 - 7.94)*0.4, IF(J67="HBA I", (H67 - 0.75)*4 + (I67 - 6.04)*0.4, IF(J67="HBA II", (H67 - 0.23)*4 + (I67 - 3.9)*0.4, IF(J67="HBA III", (H67 - 0.24)*4 + (I67 - 3.88)*0.4, "")))) -> 1.1771429 | O67: =IF(C67>5999,K67*C67/6322*((100 - D67)/(100 - 12.26)) - N67,IF(C67>5299,K67*C67/5300*((100 - D67)/(100 - 21.32)) - N67,IF(C67>3999,K67*C67/4100*((100 - D67)/(100 - 35.73)) - N67,IF(C67>3399,K67*C67/4100*((100 - D67)/(100 - (35.73/M67))) - N67,K67*C67/3400*((100 - D67)/((100 - 44.3)/M67)) - N67)))) -> 50.082216 | R67: -1 | S67: =#REF!+'HPB Calculation'!R67 -> #REF!
A68: Tri Oetama "Triop" (II) | C68: 4050 | D68: 36 | E68: 16 | F68: 0.6 | G68: 10 | H68: =((100-D68)/(100-E68))*F68 -> 0.45714286 | I68: =((100-D68)/(100-E68))*G68 -> 7.6190476 | J68: =IF(C68>6000,"HBA 0",IF(C68>5300,"HBA I",IF(C68>4100,"HBA II","HBA III"))) -> HBA III | K68: =IF(J68="", "", INDEX($B$24:$E$30, MATCH(DATE(2025,5,1), $A$24:$A$30, 0), MATCH(J68, $B$23:$E$23, 0))) -> 34.73 | L68: =IF(J68="HBA 0", K68*C68/6322*((100 - D68)/(100 - 12.26)), IF(J68="HBA I", K68*C68/5300*((100 - D68)/(100 - 21.32)), IF(J68="HBA II", K68*C68/4100*((100 - D68)/(100 - 35.73)), IF(J68="HBA III", K68*C68/3400*((100 - D68)/((100 - 44.3)/M68)), "")))) -> 47.734678 | M68: =IF(C68<=3400, (((100 - 44.3)/(100 - D68))*D68 + (100 - 44.3))/100, IF(C68<4100, (((100 - 35.73)/(100 - D68))*D68 + (100 - 35.73))/100, "")) -> 1.0042188 | N68: =IF(J68="HBA 0", (H68 - 0.66)*4 + (I68 - 7.94)*0.4, IF(J68="HBA I", (H68 - 0.75)*4 + (I68 - 6.04)*0.4, IF(J68="HBA II", (H68 - 0.23)*4 + (I68 - 3.9)*0.4, IF(J68="HBA III", (H68 - 0.24)*4 + (I68 - 3.88)*0.4, "")))) -> 2.3641905 | O68: =IF(C68>5999,K68*C68/6322*((100 - D68)/(100 - 12.26)) - N68,IF(C68>5299,K68*C68/5300*((100 - D68)/(100 - 21.32)) - N68,IF(C68>3999,K68*C68/4100*((100 - D68)/(100 - 35.73)) - N68,IF(C68>3399,K68*C68/4100*((100 - D68)/(100 - (35.73/M68))) - N68,K68*C68/3400*((100 - D68)/((100 - 44.3)/M68)) - N68)))) -> 31.798151 | R68: -1 | S68: =(#REF!*C68/4200)+'HPB Calculation'!R68 -> #REF!
A69: BAC Anzawara | C69: 3800 | D69: 40 | E69: 15 | F69: 0.6 | G69: 8 | H69: =((100-D69)/(100-E69))*F69 -> 0.42352941 | I69: =((100-D69)/(100-E69))*G69 -> 5.6470588 | J69: =IF(C69>6000,"HBA 0",IF(C69>5300,"HBA I",IF(C69>3400,"HBA II","HBA III"))) -> HBA II | K69: =IF(J69="", "", INDEX($B$24:$E$30, MATCH(DATE(2025,5,1), $A$24:$A$30, 0), MATCH(J69, $B$23:$E$23, 0))) -> 50.43 | L69: =IF(J69="HBA 0", K69*C69/6322*((100 - D69)/(100 - 12.26)), IF(J69="HBA I", K69*C69/5300*((100 - D69)/(100 - 21.32)), IF(J69="HBA II", K69*C69/4100*((100 - D69)/(100 - 35.73)), IF(J69="HBA III", K69*C69/3400*((100 - D69)/((100 - 44.3)/M69)), "")))) -> 43.634666 | M69: =IF(C69<=3400, (((100 - 44.3)/(100 - D69))*D69 + (100 - 44.3))/100, IF(C69<4100, (((100 - 35.73)/(100 - D69))*D69 + (100 - 35.73))/100, "")) -> 1.0711667 | N69: =IF(J69="HBA 0", (H69 - 0.66)*4 + (I69 - 7.94)*0.4, IF(J69="HBA I", (H69 - 0.75)*4 + (I69 - 6.04)*0.4, IF(J69="HBA II", ((H69 - 0.23)*4) + ((I69 - 3.9)*0.4), IF(J69="HBA III", (H69 - 0.24)*4 + (I69 - 3.88)*0.4, "")))) -> 1.4729412 | O69: =IF(C69>5999,K69*C69/6322*((100 - D69)/(100 - 12.26)) - N69,IF(C69>5299,K69*C69/5300*((100 - D69)/(100 - 21.32)) - N69,IF(C69>3999,K69*C69/4100*((100 - D69)/(100 - 35.73)) - N69,IF(C69>3399,K69*C69/4100*((100 - D69)/(100 - (35.73/M69))) - N69,K69*C69/3400*((100 - D69)/((100 - 44.3)/M69)) - N69)))) -> 40.607463 | S69: =((#REF!*50%)+(#REF!*50%)) -> #REF! | V69: 41 | W69: =V69-S69 -> #REF!
A70: MME | C70: 4750 | D70: 33 | E70: 14 | F70: 0.8 | G70: 6 | H70: =((100-D70)/(100-E70))*F70 -> 0.62325581 | I70: =((100-D70)/(100-E70))*G70 -> 4.6744186 | J70: =IF(C70>6000,"HBA 0",IF(C70>5300,"HBA I",IF(C70>3400,"HBA II","HBA III"))) -> HBA II | K70: =IF(J70="", "", INDEX($B$24:$E$30, MATCH(DATE(2025,5,1), $A$24:$A$30, 0), MATCH(J70, $B$23:$E$23, 0))) -> 50.43 | L70: =IF(J70="HBA 0", K70*C70/6322*((100 - D70)/(100 - 12.26)), IF(J70="HBA I", K70*C70/5300*((100 - D70)/(100 - 21.32)), IF(J70="HBA II", K70*C70/4100*((100 - D70)/(100 - 35.73)), IF(J70="HBA III", K70*C70/3400*((100 - D70)/((100 - 44.3)/M70)), "")))) -> 60.906722 | M70: =IF(C70<=3400, (((100 - 44.3)/(100 - D70))*D70 + (100 - 44.3))/100, IF(C70<4100, (((100 - 35.73)/(100 - D70))*D70 + (100 - 35.73))/100, "")) | N70: =IF(J70="HBA 0", (H70 - 0.66)*4 + (I70 - 7.94)*0.4, IF(J70="HBA I", (H70 - 0.75)*4 + (I70 - 6.04)*0.4, IF(J70="HBA II", (H70 - 0.23)*4 + (I70 - 3.9)*0.4, IF(J70="HBA III", (H70 - 0.24)*4 + (I70 - 3.88)*0.4, "")))) -> 1.8827907 | O70: =IF(C70>5999,K70*C70/6322*((100 - D70)/(100 - 12.26)) - N70,IF(C70>5299,K70*C70/5300*((100 - D70)/(100 - 21.32)) - N70,IF(C70>3999,K70*C70/4100*((100 - D70)/(100 - 35.73)) - N70,IF(C70>3399,K70*C70/4100*((100 - D70)/(100 - (35.73/M70))) - N70,K70*C70/3400*((100 - D70)/((100 - 44.3)/M70)) - N70)))) -> 59.023931 | R70: -3 | S70: =#REF!*4750/5000 -> #REF!
A71: Mantimin "MCM" | C71: 3800 | D71: 41 | E71: 15 | F71: 0.6 | G71: 6 | H71: =((100-D71)/(100-E71))*F71 -> 0.41647059 | I71: =((100-D71)/(100-E71))*G71 -> 4.1647059 | J71: =IF(C71>6000,"HBA 0",IF(C71>5300,"HBA I",IF(C71>3400,"HBA II","HBA III"))) -> HBA II | K71: =IF(J71="", "", INDEX($B$24:$E$30, MATCH(DATE(2025,5,1), $A$24:$A$30, 0), MATCH(J71, $B$23:$E$23, 0))) -> 50.43 | L71: =IF(J71="HBA 0", K71*C71/6322*((100 - D71)/(100 - 12.26)), IF(J71="HBA I", K71*C71/5300*((100 - D71)/(100 - 21.32)), IF(J71="HBA II", K71*C71/4100*((100 - D71)/(100 - 35.73)), IF(J71="HBA III", K71*C71/3400*((100 - D71)/((100 - 44.3)/M71)), "")))) -> 42.907422 | M71: =IF(C71<=3400, (((100 - 44.3)/(100 - D71))*D71 + (100 - 44.3))/100, IF(C71<4100, (((100 - 35.73)/(100 - D71))*D71 + (100 - 35.73))/100, "")) -> 1.089322 | N71: =IF(J71="HBA 0", (H71 - 0.66)*4 + (I71 - 7.94)*0.4, IF(J71="HBA I", (H71 - 0.75)*4 + (I71 - 6.04)*0.4, IF(J71="HBA II", (H71 - 0.23)*4 + (I71 - 3.9)*0.4, IF(J71="HBA III", (H71 - 0.24)*4 + (I71 - 3.88)*0.4, "")))) -> 0.85176471 | O71: =IF(C71>5999,K71*C71/6322*((100 - D71)/(100 - 12.26)) - N71,IF(C71>5299,K71*C71/5300*((100 - D71)/(100 - 21.32)) - N71,IF(C71>3999,K71*C71/4100*((100 - D71)/(100 - 35.73)) - N71,IF(C71>3399,K71*C71/4100*((100 - D71)/(100 - (35.73/M71))) - N71,K71*C71/3400*((100 - D71)/((100 - 44.3)/M71)) - N71)))) -> 40.184975 | R71: 1 | S71: =(#REF!*50%)+(#REF!*50%)+R71 -> #REF!
A72: BJU E.Kal | C72: 5000 | D72: 24 | E72: 14 | F72: 0.8 | G72: 7 | H72: =((100-D72)/(100-E72))*F72 -> 0.70697674 | I72: =((100-D72)/(100-E72))*G72 -> 6.1860465 | J72: =IF(C72>6000,"HBA 0",IF(C72>5300,"HBA I",IF(C72>3400,"HBA II","HBA III"))) -> HBA II | K72: =IF(J72="", "", INDEX($B$24:$E$30, MATCH(DATE(2025,5,1), $A$24:$A$30, 0), MATCH(J72, $B$23:$E$23, 0))) -> 50.43 | L72: =IF(J72="HBA 0", K72*C72/6322*((100 - D72)/(100 - 12.26)), IF(J72="HBA I", K72*C72/5300*((100 - D72)/(100 - 21.32)), IF(J72="HBA II", K72*C72/4100*((100 - D72)/(100 - 35.73)), IF(J72="HBA III", K72*C72/3400*((100 - D72)/((100 - 44.3)/M72)), "")))) -> 72.724444 | M72: =IF(C72<=3400, (((100 - 44.3)/(100 - D72))*D72 + (100 - 44.3))/100, IF(C72<4100, (((100 - 35.73)/(100 - D72))*D72 + (100 - 35.73))/100, "")) | N72: =IF(J72="HBA 0", (H72 - 0.66)*4 + (I72 - 7.94)*0.4, IF(J72="HBA I", (H72 - 0.75)*4 + (I72 - 6.04)*0.4, IF(J72="HBA II", (H72 - 0.23)*4 + (I72 - 3.9)*0.4, IF(J72="HBA III", (H72 - 0.24)*4 + (I72 - 3.88)*0.4, "")))) -> 2.8223256 | O72: =IF(C72>5999,K72*C72/6322*((100 - D72)/(100 - 12.26)) - N72,IF(C72>5299,K72*C72/5300*((100 - D72)/(100 - 21.32)) - N72,IF(C72>3999,K72*C72/4100*((100 - D72)/(100 - 35.73)) - N72,IF(C72>3399,K72*C72/4100*((100 - D72)/(100 - (35.73/M72))) - N72,K72*C72/3400*((100 - D72)/((100 - 44.3)/M72)) - N72)))) -> 69.902118
A73: PBB | C73: 3700 | D73: 40 | E73: 15 | F73: 0.3 | G73: 6.77 | H73: =((100-D73)/(100-E73))*F73 -> 0.21176471 | I73: =((100-D73)/(100-E73))*G73 -> 4.7788235 | J73: =IF(C73>6000,"HBA 0",IF(C73>5300,"HBA I",IF(C73>3400,"HBA II","HBA III"))) -> HBA II | K73: =IF(J73="", "", INDEX($B$24:$E$30, MATCH(DATE(2025,5,1), $A$24:$A$30, 0), MATCH(J73, $B$23:$E$23, 0))) -> 50.43 | L73: =IF(J73="HBA 0", K73*C73/6322*((100 - D73)/(100 - 12.26)), IF(J73="HBA I", K73*C73/5300*((100 - D73)/(100 - 21.32)), IF(J73="HBA II", K73*C73/4100*((100 - D73)/(100 - 35.73)), IF(J73="HBA III", K73*C73/3400*((100 - D73)/((100 - 44.3)/M73)), "")))) -> 42.486386 | M73: =IF(C73<=3400, (((100 - 44.3)/(100 - D73))*D73 + (100 - 44.3))/100, IF(C73<4100, (((100 - 35.73)/(100 - D73))*D73 + (100 - 35.73))/100, "")) -> 1.0711667 | N73: =IF(J73="HBA 0", (H73 - 0.66)*4 + (I73 - 7.94)*0.4, IF(J73="HBA I", (H73 - 0.75)*4 + (I73 - 6.04)*0.4, IF(J73="HBA II", (H73 - 0.23)*4 + (I73 - 3.9)*0.4, IF(J73="HBA III", (H73 - 0.24)*4 + (I73 - 3.88)*0.4, "")))) -> 0.27858824 | O73: =IF(C73>5999,K73*C73/6322*((100 - D73)/(100 - 12.26)) - N73,IF(C73>5299,K73*C73/5300*((100 - D73)/(100 - 21.32)) - N73,IF(C73>3999,K73*C73/4100*((100 - D73)/(100 - 35.73)) - N73,IF(C73>3399,K73*C73/4100*((100 - D73)/(100 - (35.73/M73))) - N73,K73*C73/3400*((100 - D73)/((100 - 44.3)/M73)) - N73)))) -> 40.694437
A74: IKM | C74: 4700 | D74: 25 | E74: 12 | F74: 1.5 | G74: 15 | H74: =((100-D74)/(100-E74))*F74 -> 1.2784091 | I74: =((100-D74)/(100-E74))*G74 -> 12.784091 | J74: =IF(C74>6000,"HBA 0",IF(C74>5300,"HBA I",IF(C74>3400,"HBA II","HBA III"))) -> HBA II | K74: =IF(J74="", "", INDEX($B$24:$E$30, MATCH(DATE(2025,5,1), $A$24:$A$30, 0), MATCH(J74, $B$23:$E$23, 0))) -> 50.43 | L74: =IF(J74="HBA 0", K74*C74/6322*((100 - D74)/(100 - 12.26)), IF(J74="HBA I", K74*C74/5300*((100 - D74)/(100 - 21.32)), IF(J74="HBA II", K74*C74/4100*((100 - D74)/(100 - 35.73)), IF(J74="HBA III", K74*C74/3400*((100 - D74)/((100 - 44.3)/M74)), "")))) -> 67.461491 | M74: =IF(C74<=3400, (((100 - 44.3)/(100 - D74))*D74 + (100 - 44.3))/100, IF(C74<4100, (((100 - 35.73)/(100 - D74))*D74 + (100 - 35.73))/100, "")) | N74: =IF(J74="HBA 0", (H74 - 0.66)*4 + (I74 - 7.94)*0.4, IF(J74="HBA I", (H74 - 0.75)*4 + (I74 - 6.04)*0.4, IF(J74="HBA II", (H74 - 0.23)*4 + (I74 - 3.9)*0.4, IF(J74="HBA III", (H74 - 0.24)*4 + (I74 - 3.88)*0.4, "")))) -> 7.7472727 | O74: =IF(C74>5999,K74*C74/6322*((100 - D74)/(100 - 12.26)) - N74,IF(C74>5299,K74*C74/5300*((100 - D74)/(100 - 21.32)) - N74,IF(C74>3999,K74*C74/4100*((100 - D74)/(100 - 35.73)) - N74,IF(C74>3399,K74*C74/4100*((100 - D74)/(100 - (35.73/M74))) - N74,K74*C74/3400*((100 - D74)/((100 - 44.3)/M74)) - N74)))) -> 59.714218
A75: GAR 46 | C75: 4600 | D75: 30 | E75: 14 | F75: 0.8 | G75: 8 | H75: =((100-D75)/(100-E75))*F75 -> 0.65116279 | I75: =((100-D75)/(100-E75))*G75 -> 6.5116279 | J75: =IF(C75>6000,"HBA 0",IF(C75>5300,"HBA I",IF(C75>3400,"HBA II","HBA III"))) -> HBA II | K75: =IF(J75="", "", INDEX($B$24:$E$30, MATCH(DATE(2025,5,1), $A$24:$A$30, 0), MATCH(J75, $B$23:$E$23, 0))) -> 50.43 | L75: =IF(J75="HBA 0", K75*C75/6322*((100 - D75)/(100 - 12.26)), IF(J75="HBA I", K75*C75/5300*((100 - D75)/(100 - 21.32)), IF(J75="HBA II", K75*C75/4100*((100 - D75)/(100 - 35.73)), IF(J75="HBA III", K75*C75/3400*((100 - D75)/((100 - 44.3)/M75)), "")))) -> 61.624397 | M75: =IF(C75<=3400, (((100 - 44.3)/(100 - D75))*D75 + (100 - 44.3))/100, IF(C75<4100, (((100 - 35.73)/(100 - D75))*D75 + (100 - 35.73))/100, "")) | N75: =IF(J75="HBA 0", (H75 - 0.66)*4 + (I75 - 7.94)*0.4, IF(J75="HBA I", (H75 - 0.75)*4 + (I75 - 6.04)*0.4, IF(J75="HBA II", (H75 - 0.23)*4 + (I75 - 3.9)*0.4, IF(J75="HBA III", (H75 - 0.24)*4 + (I75 - 3.88)*0.4, "")))) -> 2.7293023 | O75: =IF(C75>5999,K75*C75/6322*((100 - D75)/(100 - 12.26)) - N75,IF(C75>5299,K75*C75/5300*((100 - D75)/(100 - 21.32)) - N75,IF(C75>3999,K75*C75/4100*((100 - D75)/(100 - 35.73)) - N75,IF(C75>3399,K75*C75/4100*((100 - D75)/(100 - (35.73/M75))) - N75,K75*C75/3400*((100 - D75)/((100 - 44.3)/M75)) - N75)))) -> 58.895095 | S75: =O75*8.5% -> 5.0060831
A76: PT Bukit Asam 5000 - JUNE | C76: 5250 | D76: 28 | E76: 13 | F76: 0.8 | G76: 8 | H76: =((100-D76)/(100-E76))*F76 -> 0.66206897 | I76: =((100-D76)/(100-E76))*G76 -> 6.6206897 | J76: =IF(C76>6000,"HBA 0",IF(C76>5300,"HBA I",IF(C76>4100,"HBA II","HBA III"))) -> HBA II | K76: {=IF(J76="", "", INDEX($B$24:$E$33, MATCH(DATE(2025,6,15), $A$24:$A$33, 0), MATCH(J76, $B$23:$E$23, 0)))} -> 50.25 | L76: =IF(J76="HBA 0", K76*C76/6322*((100 - D76)/(100 - 12.26)), IF(J76="HBA I", K76*C76/5300*((100 - D76)/(100 - 21.32)), IF(J76="HBA II", K76*C76/4100*((100 - D76)/(100 - 35.73)), IF(J76="HBA III", K76*C76/3400*((100 - D76)/((100 - 44.3)/M76)), "")))) -> 72.083474 | M76: =IF(C76<=3400, (((100 - 44.3)/(100 - D76))*D76 + (100 - 44.3))/100, IF(C76<4100, (((100 - 35.73)/(100 - D76))*D76 + (100 - 35.73))/100, "")) | N76: =IF(J76="HBA 0", (H76 - 0.66)*4 + (I76 - 7.94)*0.4, IF(J76="HBA I", (H76 - 0.75)*4 + (I76 - 6.04)*0.4, IF(J76="HBA II", (H76 - 0.23)*4 + (I76 - 3.9)*0.4, IF(J76="HBA III", (H76 - 0.24)*4 + (I76 - 3.88)*0.4, "")))) -> 2.8165517 | O76: =IF(C76>5999,K76*C76/6322*((100 - D76)/(100 - 12.26)) - N76,IF(C76>5299,K76*C76/5300*((100 - D76)/(100 - 21.32)) - N76,IF(C76>3999,K76*C76/4100*((100 - D76)/(100 - 35.73)) - N76,IF(C76>3399,K76*C76/4100*((100 - D76)/(100 - (35.73/M76))) - N76,K76*C76/3400*((100 - D76)/((100 - 44.3)/M76)) - N76)))) -> 69.266922 | R76: 1.45 | S76: =#REF!+R76 -> #REF! | X76: 66.285218 | Y76: =O76-X76 -> 2.9817045
A77: Khotai - JUNE | C77: 5400 | D77: 19 | E77: 14 | F77: 0.2 | G77: 6 | H77: =((100-D77)/(100-E77))*F77 -> 0.18837209 | I77: =((100-D77)/(100-E77))*G77 -> 5.6511628 | J77: =IF(C77>6000,"HBA 0",IF(C77>5300,"HBA I",IF(C77>4100,"HBA II","HBA III"))) -> HBA I | K77: {=IF(J77="", "", INDEX($B$24:$E$32, MATCH(DATE(2025,6,1), $A$24:$A$32, 0), MATCH(J77, $B$23:$E$23, 0)))} -> 77.59 | L77: =IF(J77="HBA 0", K77*C77/6322*((100 - D77)/(100 - 12.26)), IF(J77="HBA I", K77*C77/5300*((100 - D77)/(100 - 21.32)), IF(J77="HBA II", K77*C77/4100*((100 - D77)/(100 - 35.73)), IF(J77="HBA III", K77*C77/3400*((100 - D77)/((100 - 44.3)/M77)), "")))) -> 81.384989 | M77: =IF(C77<=3400, (((100 - 44.3)/(100 - D77))*D77 + (100 - 44.3))/100, IF(C77<4100, (((100 - 35.73)/(100 - D77))*D77 + (100 - 35.73))/100, "")) | N77: =IF(J77="HBA 0", (H77 - 0.66)*4 + (I77 - 7.94)*0.4, IF(J77="HBA I", (H77 - 0.75)*4 + (I77 - 6.04)*0.4, IF(J77="HBA II", (H77 - 0.23)*4 + (I77 - 3.9)*0.4, IF(J77="HBA III", (H77 - 0.24)*4 + (I77 - 3.88)*0.4, "")))) -> -2.4020465 | O77: =IF(C77>5999,K77*C77/6322*((100 - D77)/(100 - 12.26)) - N77,IF(C77>5299,K77*C77/5300*((100 - D77)/(100 - 21.32)) - N77,IF(C77>3999,K77*C77/4100*((100 - D77)/(100 - 35.73)) - N77,IF(C77>3399,K77*C77/4100*((100 - D77)/(100 - (35.73/M77))) - N77,K77*C77/3400*((100 - D77)/((100 - 44.3)/M77)) - N77)))) -> 83.787036 | P77: -7.12 | Q77: =O77+P77 -> 76.667036 | X77: 82.769592 | Y77: =O77-X77 -> 1.0174435
A78: BME 5400 - JUNE | C78: 5400 | D78: 25 | E78: 11 | F78: 0.8 | G78: 6 | H78: =((100-D78)/(100-E78))*F78 -> 0.6741573 | I78: =((100-D78)/(100-E78))*G78 -> 5.0561798 | J78: =IF(C78>5999,"HBA 0",IF(C78>5299,"HBA I",IF(C78>4099,"HBA II","HBA III"))) -> HBA I | K78: {=IF(J78="", "", INDEX($B$24:$E$33, MATCH(DATE(2025,6,15), $A$24:$A$33, 0), MATCH(J78, $B$23:$E$23, 0)))} -> 75.64 | L78: =IF(J78="HBA 0", K78*C78/6322*((100 - D78)/(100 - 12.26)), IF(J78="HBA I", K78*C78/5300*((100 - D78)/(100 - 21.32)), IF(J78="HBA II", K78*C78/4100*((100 - D78)/(100 - 35.73)), IF(J78="HBA III", K78*C78/3400*((100 - D78)/((100 - 44.3)/M78)), "")))) -> 73.462605 | M78: =IF(C78<=3400, (((100 - 44.3)/(100 - D78))*D78 + (100 - 44.3))/100, IF(C78<4100, (((100 - 35.73)/(100 - D78))*D78 + (100 - 35.73))/100, "")) | N78: =IF(J78="HBA 0", (H78 - 0.66)*4 + (I78 - 7.94)*0.4, IF(J78="HBA I", (H78 - 0.75)*4 + (I78 - 6.04)*0.4, IF(J78="HBA II", (H78 - 0.23)*4 + (I78 - 3.9)*0.4, IF(J78="HBA III", (H78 - 0.24)*4 + (I78 - 3.88)*0.4, "")))) -> -0.69689888 | O78: =IF(C78>5999,K78*C78/6322*((100 - D78)/(100 - 12.26)) - N78,IF(C78>5299,K78*C78/5299*((100 - D78)/(100 - 21.32)) - N78,IF(C78>3999,K78*C78/4100*((100 - D78)/(100 - 35.73)) - N78,IF(C78>3399,K78*C78/4100*((100 - D78)/(100 - (35.73/M78))) - N78,K78*C78/3400*((100 - D78)/((100 - 44.3)/M78)) - N78)))) -> 74.173367 | R78: 0 | S78: =(((#REF!*50%)+(#REF!*50%))*C78/5400)+R78 -> #REF! | X78: 75.125336 | Y78: =O78-X78 -> -0.95196905
A79: Manoor MBL - JUNE | B79: IF | C79: 5400 | D79: 22 | E79: 14 | F79: 1 | G79: 6 | H79: =((100-D79)/(100-E79))*F79 -> 0.90697674 | I79: =((100-D79)/(100-E79))*G79 -> 5.4418605 | J79: =IF(C79>6000,"HBA 0",IF(C79>5300,"HBA I",IF(C79>4100,"HBA II","HBA III"))) -> HBA I | K79: =IF(J79="", "", INDEX($B$24:$E$32, MATCH(DATE(2025,6,1), $A$24:$A$32, 0), MATCH(J79, $B$23:$E$23, 0))) -> 77.59 | L79: =IF(J79="HBA 0", K79*C79/6322*((100 - D79)/(100 - 12.26)), IF(J79="HBA I", K79*C79/5300*((100 - D79)/(100 - 21.32)), IF(J79="HBA II", K79*C79/4100*((100 - D79)/(100 - 35.73)), IF(J79="HBA III", K79*C79/3400*((100 - D79)/((100 - 44.3)/M79)), "")))) -> 78.37073 | M79: =IF(C79<=3400, (((100 - 44.3)/(100 - D79))*D79 + (100 - 44.3))/100, IF(C79<4100, (((100 - 35.73)/(100 - D79))*D79 + (100 - 35.73))/100, "")) | N79: =IF(J79="HBA 0", (H79 - 0.66)*4 + (I79 - 7.94)*0.4, IF(J79="HBA I", (H79 - 0.75)*4 + (I79 - 6.04)*0.4, IF(J79="HBA II", (H79 - 0.23)*4 + (I79 - 3.9)*0.4, IF(J79="HBA III", (H79 - 0.24)*4 + (I79 - 3.88)*0.4, "")))) -> 0.38865116 | O79: =IF(C79>5999,K79*C79/6322*((100 - D79)/(100 - 12.26)) - N79,IF(C79>5299,K79*C79/5300*((100 - D79)/(100 - 21.32)) - N79,IF(C79>3999,K79*C79/4100*((100 - D79)/(100 - 35.73)) - N79,IF(C79>3399,K79*C79/4100*((100 - D79)/(100 - (35.73/M79))) - N79,K79*C79/3400*((100 - D79)/((100 - 44.3)/M79)) - N79)))) -> 77.982079 | R79: 1.9 | S79: =((#REF!*50%)+(#REF!*50%))+R79 -> #REF! | X79: 77.002319 | Y79: =O79-X79 -> 0.97976039
A80: Manoor MBL - JUNE | B80: IF | C80: 5200 | D80: 22 | E80: 14 | F80: 1 | G80: 8 | H80: =((100-D80)/(100-E80))*F80 -> 0.90697674 | I80: =((100-D80)/(100-E80))*G80 -> 7.255814 | J80: =IF(C80>6000,"HBA 0",IF(C80>5300,"HBA I",IF(C80>4100,"HBA II","HBA III"))) -> HBA II | K80: =IF(J80="", "", INDEX($B$24:$E$32, MATCH(DATE(2025,6,1), $A$24:$A$32, 0), MATCH(J80, $B$23:$E$23, 0))) -> 50.08 | L80: =IF(J80="HBA 0", K80*C80/6322*((100 - D80)/(100 - 12.26)), IF(J80="HBA I", K80*C80/5300*((100 - D80)/(100 - 21.32)), IF(J80="HBA II", K80*C80/4100*((100 - D80)/(100 - 35.73)), IF(J80="HBA III", K80*C80/3400*((100 - D80)/((100 - 44.3)/M80)), "")))) -> 77.085041 | M80: =IF(C80<=3400, (((100 - 44.3)/(100 - D80))*D80 + (100 - 44.3))/100, IF(C80<4100, (((100 - 35.73)/(100 - D80))*D80 + (100 - 35.73))/100, "")) | N80: =IF(J80="HBA 0", (H80 - 0.66)*4 + (I80 - 7.94)*0.4, IF(J80="HBA I", (H80 - 0.75)*4 + (I80 - 6.04)*0.4, IF(J80="HBA II", (H80 - 0.23)*4 + (I80 - 3.9)*0.4, IF(J80="HBA III", (H80 - 0.24)*4 + (I80 - 3.88)*0.4, "")))) -> 4.0502326 | O80: =IF(C80>5999,K80*C80/6322*((100 - D80)/(100 - 12.26)) - N80,IF(C80>5299,K80*C80/5300*((100 - D80)/(100 - 21.32)) - N80,IF(C80>3999,K80*C80/4100*((100 - D80)/(100 - 35.73)) - N80,IF(C80>3399,K80*C80/4100*((100 - D80)/(100 - (35.73/M80))) - N80,K80*C80/3400*((100 - D80)/((100 - 44.3)/M80)) - N80)))) -> 73.034809 | R80: 1.9 | S80: =(((#REF!*50%)+(#REF!*50%))*C80/5400)+R80 -> #REF! | X80: 73.804428 | Y80: =O80-X80 -> -0.76961902
A81: Triop - JUNE | B81: IF | C81: 4200 | D81: 36 | E81: 16 | F81: 0.4 | G81: 8 | H81: =((100-D81)/(100-E81))*F81 -> 0.3047619 | I81: =((100-D81)/(100-E81))*G81 -> 6.0952381 | J81: =IF(C81>6000,"HBA 0",IF(C81>5300,"HBA I",IF(C81>4100,"HBA II","HBA III"))) -> HBA II | K81: =IF(J81="", "", INDEX($B$24:$E$32, MATCH(DATE(2025,6,1), $A$24:$A$32, 0), MATCH(J81, $B$23:$E$23, 0))) -> 50.08 | L81: =IF(J81="HBA 0", K81*C81/6322*((100 - D81)/(100 - 12.26)), IF(J81="HBA I", K81*C81/5300*((100 - D81)/(100 - 21.32)), IF(J81="HBA II", K81*C81/4100*((100 - D81)/(100 - 35.73)), IF(J81="HBA III", K81*C81/3400*((100 - D81)/((100 - 44.3)/M81)), "")))) -> 51.085945 | M81: =IF(C81<=3400, (((100 - 44.3)/(100 - D81))*D81 + (100 - 44.3))/100, IF(C81<4100, (((100 - 35.73)/(100 - D81))*D81 + (100 - 35.73))/100, "")) | N81: =IF(J81="HBA 0", (H81 - 0.66)*4 + (I81 - 7.94)*0.4, IF(J81="HBA I", (H81 - 0.75)*4 + (I81 - 6.04)*0.4, IF(J81="HBA II", (H81 - 0.23)*4 + (I81 - 3.9)*0.4, IF(J81="HBA III", (H81 - 0.24)*4 + (I81 - 3.88)*0.4, "")))) -> 1.1771429 | O81: =IF(C81>5999,K81*C81/6322*((100 - D81)/(100 - 12.26)) - N81,IF(C81>5299,K81*C81/5300*((100 - D81)/(100 - 21.32)) - N81,IF(C81>3999,K81*C81/4100*((100 - D81)/(100 - 35.73)) - N81,IF(C81>3399,K81*C81/4100*((100 - D81)/(100 - (35.73/M81))) - N81,K81*C81/3400*((100 - D81)/((100 - 44.3)/M81)) - N81)))) -> 49.908802 | R81: -1 | S81: =#REF!+'HPB Calculation'!R81 -> #REF! | X81: 50.418845 | Y81: =O81-X81 -> -0.51004338
A82: BAC Anzawara - JUNE | C82: 3800 | D82: 40 | E82: 15 | F82: 0.6 | G82: 8 | H82: =((100-D82)/(100-E82))*F82 -> 0.42352941 | I82: =((100-D82)/(100-E82))*G82 -> 5.6470588 | J82: =IF(C82>6000,"HBA 0",IF(C82>5300,"HBA I",IF(C82>3400,"HBA II","HBA III"))) -> HBA II | K82: =IF(J82="", "", INDEX($B$24:$E$32, MATCH(DATE(2025,6,1), $A$24:$A$32, 0), MATCH(J82, $B$23:$E$23, 0))) -> 50.08 | L82: =IF(J82="HBA 0", K82*C82/6322*((100 - D82)/(100 - 12.26)), IF(J82="HBA I", K82*C82/5300*((100 - D82)/(100 - 21.32)), IF(J82="HBA II", K82*C82/4100*((100 - D82)/(100 - 35.73)), IF(J82="HBA III", K82*C82/3400*((100 - D82)/((100 - 44.3)/M82)), "")))) -> 43.331828 | M82: =IF(C82<=3400, (((100 - 44.3)/(100 - D82))*D82 + (100 - 44.3))/100, IF(C82<4100, (((100 - 35.73)/(100 - D82))*D82 + (100 - 35.73))/100, "")) -> 1.0711667 | N82: =IF(J82="HBA 0", (H82 - 0.66)*4 + (I82 - 7.94)*0.4, IF(J82="HBA I", (H82 - 0.75)*4 + (I82 - 6.04)*0.4, IF(J82="HBA II", ((H82 - 0.23)*4) + ((I82 - 3.9)*0.4), IF(J82="HBA III", (H82 - 0.24)*4 + (I82 - 3.88)*0.4, "")))) -> 1.4729412 | O82: =IF(C82>5999,K82*C82/6322*((100 - D82)/(100 - 12.26)) - N82,IF(C82>5299,K82*C82/5300*((100 - D82)/(100 - 21.32)) - N82,IF(C82>3999,K82*C82/4100*((100 - D82)/(100 - 35.73)) - N82,IF(C82>3399,K82*C82/4100*((100 - D82)/(100 - (35.73/M82))) - N82,K82*C82/3400*((100 - D82)/((100 - 44.3)/M82)) - N82)))) -> 40.315412 | S82: =((#REF!*50%)+(#REF!*50%)) -> #REF! | V82: 41 | W82: =V82-S82 -> #REF! | X82: 40.732628 | Y82: =O82-X82 -> -0.41721599
A83: BME 5400 - JUNE | C83: 5270 | D83: 25 | E83: 11 | F83: 0.8 | G83: 6 | H83: =((100-D83)/(100-E83))*F83 -> 0.6741573 | I83: =((100-D83)/(100-E83))*G83 -> 5.0561798 | J83: =IF(C83>5999,"HBA 0",IF(C83>5299,"HBA I",IF(C83>4099,"HBA II","HBA III"))) -> HBA II | K83: {=IF(J83="", "", INDEX($B$24:$E$33, MATCH(DATE(2025,6,15), $A$24:$A$33, 0), MATCH(J83, $B$23:$E$23, 0)))} -> 50.25 | L83: =IF(J83="HBA 0", K83*C83/6322*((100 - D83)/(100 - 12.26)), IF(J83="HBA I", K83*C83/5300*((100 - D83)/(100 - 21.32)), IF(J83="HBA II", K83*C83/4100*((100 - D83)/(100 - 35.73)), IF(J83="HBA III", K83*C83/3400*((100 - D83)/((100 - 44.3)/M83)), "")))) -> 75.372998 | M83: =IF(C83<=3400, (((100 - 44.3)/(100 - D83))*D83 + (100 - 44.3))/100, IF(C83<4100, (((100 - 35.73)/(100 - D83))*D83 + (100 - 35.73))/100, "")) | N83: =IF(J83="HBA 0", (H83 - 0.66)*4 + (I83 - 7.94)*0.4, IF(J83="HBA I", (H83 - 0.75)*4 + (I83 - 6.04)*0.4, IF(J83="HBA II", (H83 - 0.23)*4 + (I83 - 3.9)*0.4, IF(J83="HBA III", (H83 - 0.24)*4 + (I83 - 3.88)*0.4, "")))) -> 2.2391011 | O83: =IF(C83>5999,K83*C83/6322*((100 - D83)/(100 - 12.26)) - N83,IF(C83>5299,K83*C83/5299*((100 - D83)/(100 - 21.32)) - N83,IF(C83>3999,K83*C83/4100*((100 - D83)/(100 - 35.73)) - N83,IF(C83>3399,K83*C83/4100*((100 - D83)/(100 - (35.73/M83))) - N83,K83*C83/3400*((100 - D83)/((100 - 44.3)/M83)) - N83)))) -> 73.133897 | R83: 0 | S83: =(((#REF!*50%)+(#REF!*50%))*C83/5400)+R83 -> #REF! | X83: 75.125336 | Y83: =O83-X83 -> -1.9914395
A84: BME 5400 - JULY | C84: 5350 | D84: 25 | E84: 11 | F84: 0.8 | G84: 6 | H84: =((100-D84)/(100-E84))*F84 -> 0.6741573 | I84: =((100-D84)/(100-E84))*G84 -> 5.0561798 | J84: =IF(C84>5999,"HBA 0",IF(C84>5299,"HBA I",IF(C84>4099,"HBA II","HBA III"))) -> HBA I | K84: {=IF(J84="", "", INDEX($B$24:$E$34, MATCH(DATE(2025,7,1), $A$24:$A$34, 0), MATCH(J84, $B$23:$E$23, 0)))} -> 71.5 | L84: =IF(J84="HBA 0", K84*C84/6322*((100 - D84)/(100 - 12.26)), IF(J84="HBA I", K84*C84/5300*((100 - D84)/(100 - 21.32)), IF(J84="HBA II", K84*C84/4100*((100 - D84)/(100 - 35.73)), IF(J84="HBA III", K84*C84/3400*((100 - D84)/((100 - 44.3)/M84)), "")))) -> 68.7988 | M84: =IF(C84<=3400, (((100 - 44.3)/(100 - D84))*D84 + (100 - 44.3))/100, IF(C84<4100, (((100 - 35.73)/(100 - D84))*D84 + (100 - 35.73))/100, "")) | N84: =IF(J84="HBA 0", (H84 - 0.66)*4 + (I84 - 7.94)*0.4, IF(J84="HBA I", (H84 - 0.75)*4 + (I84 - 6.04)*0.4, IF(J84="HBA II", (H84 - 0.23)*4 + (I84 - 3.9)*0.4, IF(J84="HBA III", (H84 - 0.24)*4 + (I84 - 3.88)*0.4, "")))) -> -0.69689888 | O84: =IF(C84>5999,K84*C84/6322*((100 - D84)/(100 - 12.26)) - N84,IF(C84>5299,K84*C84/5299*((100 - D84)/(100 - 21.32)) - N84,IF(C84>3999,K84*C84/4100*((100 - D84)/(100 - 35.73)) - N84,IF(C84>3399,K84*C84/4100*((100 - D84)/(100 - (35.73/M84))) - N84,K84*C84/3400*((100 - D84)/((100 - 44.3)/M84)) - N84)))) -> 69.508683 | R84: 0 | S84: =(((#REF!*50%)+(#REF!*50%))*C84/5400)+R84 -> #REF! | X84: 75.125336 | Y84: =O84-X84 -> -5.6166534
A85: PTBA 5000 | C85: 5000 | D85: 29 | E85: 13 | F85: 0.8 | G85: 8 | H85: =((100-D85)/(100-E85))*F85 -> 0.65287356 | I85: =((100-D85)/(100-E85))*G85 -> 6.5287356 | J85: =IF(C85>6000,"HBA 0",IF(C85>5300,"HBA I",IF(C85>4100,"HBA II","HBA III"))) -> HBA II | K85: {=IF(J85="", "", INDEX($B$24:$E$35, MATCH(DATE(2025,7,15), $A$24:$A$35, 0), MATCH(J85, $B$23:$E$23, 0)))} -> 48.35 | L85: =IF(J85="HBA 0", K85*C85/6322*((100 - D85)/(100 - 12.26)), IF(J85="HBA I", K85*C85/5300*((100 - D85)/(100 - 21.32)), IF(J85="HBA II", K85*C85/4100*((100 - D85)/(100 - 35.73)), IF(J85="HBA III", K85*C85/3400*((100 - D85)/((100 - 44.3)/M85)), "")))) -> 65.137738 | M85: =IF(C85<=3400, (((100 - 44.3)/(100 - D85))*D85 + (100 - 44.3))/100, IF(C85<4100, (((100 - 35.73)/(100 - D85))*D85 + (100 - 35.73))/100, "")) | N85: =IF(J85="HBA 0", (H85 - 0.66)*4 + (I85 - 7.94)*0.4, IF(J85="HBA I", (H85 - 0.75)*4 + (I85 - 6.04)*0.4, IF(J85="HBA II", (H85 - 0.23)*4 + (I85 - 3.9)*0.4, IF(J85="HBA III", (H85 - 0.24)*4 + (I85 - 3.88)*0.4, "")))) -> 2.7429885 | O85: =IF(C85>5999,K85*C85/6322*((100 - D85)/(100 - 12.26)) - N85,IF(C85>5299,K85*C85/5300*((100 - D85)/(100 - 21.32)) - N85,IF(C85>3999,K85*C85/4100*((100 - D85)/(100 - 35.73)) - N85,IF(C85>3399,K85*C85/4100*((100 - D85)/(100 - (35.73/M85))) - N85,K85*C85/3400*((100 - D85)/((100 - 44.3)/M85)) - N85)))) -> 62.39475 | R85: 1.45 | S85: =#REF!+R85 -> #REF! | X85: 66.285218 | Y85: =O85-X85 -> -3.8904681
A86: BME 5400 - JULY | C86: 5280 | D86: 25 | E86: 11 | F86: 0.8 | G86: 6 | H86: =((100-D86)/(100-E86))*F86 -> 0.6741573 | I86: =((100-D86)/(100-E86))*G86 -> 5.0561798 | J86: =IF(C86>5999,"HBA 0",IF(C86>5299,"HBA I",IF(C86>4099,"HBA II","HBA III"))) -> HBA II | K86: {=IF(J86="", "", INDEX($B$24:$E$35, MATCH(DATE(2025,7,15), $A$24:$A$35, 0), MATCH(J86, $B$23:$E$23, 0)))} -> 48.35 | L86: =IF(J86="HBA 0", K86*C86/6322*((100 - D86)/(100 - 12.26)), IF(J86="HBA I", K86*C86/5300*((100 - D86)/(100 - 21.32)), IF(J86="HBA II", K86*C86/4100*((100 - D86)/(100 - 35.73)), IF(J86="HBA III", K86*C86/3400*((100 - D86)/((100 - 44.3)/M86)), "")))) -> 72.660688 | M86: =IF(C86<=3400, (((100 - 44.3)/(100 - D86))*D86 + (100 - 44.3))/100, IF(C86<4100, (((100 - 35.73)/(100 - D86))*D86 + (100 - 35.73))/100, "")) | N86: =IF(J86="HBA 0", (H86 - 0.66)*4 + (I86 - 7.94)*0.4, IF(J86="HBA I", (H86 - 0.75)*4 + (I86 - 6.04)*0.4, IF(J86="HBA II", (H86 - 0.23)*4 + (I86 - 3.9)*0.4, IF(J86="HBA III", (H86 - 0.24)*4 + (I86 - 3.88)*0.4, "")))) -> 2.2391011 | O86: =IF(C86>5999,K86*C86/6322*((100 - D86)/(100 - 12.26)) - N86,IF(C86>5299,K86*C86/5299*((100 - D86)/(100 - 21.32)) - N86,IF(C86>3999,K86*C86/4100*((100 - D86)/(100 - 35.73)) - N86,IF(C86>3399,K86*C86/4100*((100 - D86)/(100 - (35.73/M86))) - N86,K86*C86/3400*((100 - D86)/((100 - 44.3)/M86)) - N86)))) -> 70.421587 | R86: 0 | S86: =(((#REF!*50%)+(#REF!*50%))*C86/5400)+R86 -> #REF! | X86: 75.125336 | Y86: =O86-X86 -> -4.7037489
A87: BME 5400 - JULY | C87: 5350 | D87: 25 | E87: 11 | F87: 0.8 | G87: 6 | H87: =((100-D87)/(100-E87))*F87 -> 0.6741573 | I87: =((100-D87)/(100-E87))*G87 -> 5.0561798 | J87: =IF(C87>5999,"HBA 0",IF(C87>5299,"HBA I",IF(C87>4099,"HBA II","HBA III"))) -> HBA I | K87: {=IF(J87="", "", INDEX($B$24:$E$35, MATCH(DATE(2025,7,15), $A$24:$A$35, 0), MATCH(J87, $B$23:$E$23, 0)))} -> 75.94 | L87: =IF(J87="HBA 0", K87*C87/6322*((100 - D87)/(100 - 12.26)), IF(J87="HBA I", K87*C87/5300*((100 - D87)/(100 - 21.32)), IF(J87="HBA II", K87*C87/4100*((100 - D87)/(100 - 35.73)), IF(J87="HBA III", K87*C87/3400*((100 - D87)/((100 - 44.3)/M87)), "")))) -> 73.071062 | M87: =IF(C87<=3400, (((100 - 44.3)/(100 - D87))*D87 + (100 - 44.3))/100, IF(C87<4100, (((100 - 35.73)/(100 - D87))*D87 + (100 - 35.73))/100, "")) | N87: =IF(J87="HBA 0", (H87 - 0.66)*4 + (I87 - 7.94)*0.4, IF(J87="HBA I", (H87 - 0.75)*4 + (I87 - 6.04)*0.4, IF(J87="HBA II", (H87 - 0.23)*4 + (I87 - 3.9)*0.4, IF(J87="HBA III", (H87 - 0.24)*4 + (I87 - 3.88)*0.4, "")))) -> -0.69689888 | O87: =IF(C87>5999,K87*C87/6322*((100 - D87)/(100 - 12.26)) - N87,IF(C87>5299,K87*C87/5299*((100 - D87)/(100 - 21.32)) - N87,IF(C87>3999,K87*C87/4100*((100 - D87)/(100 - 35.73)) - N87,IF(C87>3399,K87*C87/4100*((100 - D87)/(100 - (35.73/M87))) - N87,K87*C87/3400*((100 - D87)/((100 - 44.3)/M87)) - N87)))) -> 73.78175 | R87: 0 | S87: =(((#REF!*50%)+(#REF!*50%))*C87/5400)+R87 -> #REF! | X87: 75.125336 | Y87: =O87-X87 -> -1.3435859
A88: =A36 -> 45870 | B88: PTBA | C88: 5000 | D88: 28 | E88: 13 | F88: 0.8 | G88: 8 | H88: =((100-D88)/(100-E88))*F88 -> 0.66206897 | I88: =((100-D88)/(100-E88))*G88 -> 6.6206897 | J88: =IF(C88>6000,"HBA 0",IF(C88>5300,"HBA I",IF(C88>4100,"HBA II","HBA III"))) -> HBA II | K88: =IF(J88="", "", INDEX($B$24:$E$36, MATCH(DATE(2025,8,1), $A$24:$A$36, 0), MATCH(J88, $B$23:$E$23, 0))) -> 45.74 | L88: =IF(J88="HBA 0", K88*C88/6322*((100 - D88)/(100 - 12.26)), IF(J88="HBA I", K88*C88/5300*((100 - D88)/(100 - 21.32)), IF(J88="HBA II", K88*C88/4100*((100 - D88)/(100 - 35.73)), IF(J88="HBA III", K88*C88/3400*((100 - D88)/((100 - 44.3)/M88)), "")))) -> 62.489422 | M88: =IF(C88<=3400, (((100 - 44.3)/(100 - D88))*D88 + (100 - 44.3))/100, IF(C88<4100, (((100 - 35.73)/(100 - D88))*D88 + (100 - 35.73))/100, "")) | N88: =IF(J88="HBA 0", (H88 - 0.66)*4 + (I88 - 7.94)*0.4, IF(J88="HBA I", (H88 - 0.75)*4 + (I88 - 6.04)*0.4, IF(J88="HBA II", (H88 - 0.23)*4 + (I88 - 3.9)*0.4, IF(J88="HBA III", (H88 - 0.24)*4 + (I88 - 3.88)*0.4, "")))) -> 2.8165517 | O88: =IF(C88>6322,K88*C88/6322*((100 - D88)/(100 - 12.26)) - N88,IF(C88>5301,K88*C88/5300*((100 - D88)/(100 - 21.32)) - N88,IF(C88>4000,K88*C88/4100*((100 - D88)/(100 - 35.73)) - N88,IF(C88>4000,K88*C88/4100*((100 - D88)/(100 - (35.73/M88))) - N88,K88*C88/3400*((100 - D88)/((100 - 44.3)/M88)) - N88)))) -> 59.67287 | P88: 3.01 | Q88: =O88+P88 -> 62.68287 | R88: ='ICI, GNewc, Delta'!D713 -> 56.18 | S88: =AVERAGE(#REF!)+0.75 -> #REF! | T88: ICI 3 | U88: =R88-O88 -> -3.4928698
A89: =A36 -> 45870 | B89: KMIA | C89: 5400 | D89: 19 | E89: 14 | F89: 0.2 | G89: 6 | H89: =((100-D89)/(100-E89))*F89 -> 0.18837209 | I89: =((100-D89)/(100-E89))*G89 -> 5.6511628 | J89: =IF(C89>6000,"HBA 0",IF(C89>5300,"HBA I",IF(C89>4100,"HBA II","HBA III"))) -> HBA I | K89: =IF(J89="", "", INDEX($B$24:$E$36, MATCH(DATE(2025,8,1), $A$24:$A$36, 0), MATCH(J89, $B$23:$E$23, 0))) -> 67.33 | L89: =IF(J89="HBA 0", K89*C89/6322*((100 - D89)/(100 - 12.26)), IF(J89="HBA I", K89*C89/5300*((100 - D89)/(100 - 21.32)), IF(J89="HBA II", K89*C89/4100*((100 - D89)/(100 - 35.73)), IF(J89="HBA III", K89*C89/3400*((100 - D89)/((100 - 44.3)/M89)), "")))) -> 70.623164 | M89: =IF(C89<=3400, (((100 - 44.3)/(100 - D89))*D89 + (100 - 44.3))/100, IF(C89<4100, (((100 - 35.73)/(100 - D89))*D89 + (100 - 35.73))/100, "")) | N89: =IF(J89="HBA 0", (H89 - 0.66)*4 + (I89 - 7.94)*0.4, IF(J89="HBA I", (H89 - 0.75)*4 + (I89 - 6.04)*0.4, IF(J89="HBA II", (H89 - 0.23)*4 + (I89 - 3.9)*0.4, IF(J89="HBA III", (H89 - 0.24)*4 + (I89 - 3.88)*0.4, "")))) -> -2.4020465 | O89: =IF(C89>6322,K89*C89/6322*((100 - D89)/(100 - 12.26)) - N89,IF(C89>5301,K89*C89/5300*((100 - D89)/(100 - 21.32)) - N89,IF(C89>4000,K89*C89/4100*((100 - D89)/(100 - 35.73)) - N89,IF(C89>4000,K89*C89/4100*((100 - D89)/(100 - (35.73/M89))) - N89,K89*C89/3400*((100 - D89)/((100 - 44.3)/M89)) - N89)))) -> 73.025211 | P89: -7.12 | Q89: =O89+P89 -> 65.905211 | R89: =('ICI, GNewc, Delta'!C713+'ICI, GNewc, Delta'!D713)/2 -> 65.2 | T89: ICI 2+3 | U89: =R89-O89 -> -7.8252108
A90: =A36 -> 45870 | B90: KMIA | C90: 5250 | D90: 19 | E90: 14 | F90: 0.2 | G90: 6 | H90: =((100-D90)/(100-E90))*F90 -> 0.18837209 | I90: =((100-D90)/(100-E90))*G90 -> 5.6511628 | J90: =IF(C90>6000,"HBA 0",IF(C90>5300,"HBA I",IF(C90>4100,"HBA II","HBA III"))) -> HBA II | K90: =IF(J90="", "", INDEX($B$24:$E$36, MATCH(DATE(2025,8,1), $A$24:$A$36, 0), MATCH(J90, $B$23:$E$23, 0))) -> 45.74 | L90: =IF(J90="HBA 0", K90*C90/6322*((100 - D90)/(100 - 12.26)), IF(J90="HBA I", K90*C90/5300*((100 - D90)/(100 - 21.32)), IF(J90="HBA II", K90*C90/4100*((100 - D90)/(100 - 35.73)), IF(J90="HBA III", K90*C90/3400*((100 - D90)/((100 - 44.3)/M90)), "")))) -> 73.815629 | M90: =IF(C90<=3400, (((100 - 44.3)/(100 - D90))*D90 + (100 - 44.3))/100, IF(C90<4100, (((100 - 35.73)/(100 - D90))*D90 + (100 - 35.73))/100, "")) | N90: =IF(J90="HBA 0", (H90 - 0.66)*4 + (I90 - 7.94)*0.4, IF(J90="HBA I", (H90 - 0.75)*4 + (I90 - 6.04)*0.4, IF(J90="HBA II", (H90 - 0.23)*4 + (I90 - 3.9)*0.4, IF(J90="HBA III", (H90 - 0.24)*4 + (I90 - 3.88)*0.4, "")))) -> 0.53395349 | O90: =IF(C90>6322,K90*C90/6322*((100 - D90)/(100 - 12.26)) - N90,IF(C90>5301,K90*C90/5300*((100 - D90)/(100 - 21.32)) - N90,IF(C90>4000,K90*C90/4100*((100 - D90)/(100 - 35.73)) - N90,IF(C90>4000,K90*C90/4100*((100 - D90)/(100 - (35.73/M90))) - N90,K90*C90/3400*((100 - D90)/((100 - 44.3)/M90)) - N90)))) -> 73.281676 | P90: -7.12 | Q90: =O90+P90 -> 66.161676 | R90: =R89*C90/C89 -> 63.388889 | T90: ICI 2+3 Prorated | U90: =R90-O90 -> -9.8927868
A91: =A36 -> 45870 | B91: BME 5400 | C91: 5400 | D91: 25 | E91: 11 | F91: 0.8 | G91: 6 | H91: =((100-D91)/(100-E91))*F91 -> 0.6741573 | I91: =((100-D91)/(100-E91))*G91 -> 5.0561798 | J91: =IF(C91>6000,"HBA 0",IF(C91>5300,"HBA I",IF(C91>4100,"HBA II","HBA III"))) -> HBA I | K91: =IF(J91="", "", INDEX($B$24:$E$36, MATCH(DATE(2025,8,1), $A$24:$A$36, 0), MATCH(J91, $B$23:$E$23, 0))) -> 67.33 | L91: =IF(J91="HBA 0", K91*C91/6322*((100 - D91)/(100 - 12.26)), IF(J91="HBA I", K91*C91/5300*((100 - D91)/(100 - 21.32)), IF(J91="HBA II", K91*C91/4100*((100 - D91)/(100 - 35.73)), IF(J91="HBA III", K91*C91/3400*((100 - D91)/((100 - 44.3)/M91)), "")))) -> 65.391819 | M91: =IF(C91<=3400, (((100 - 44.3)/(100 - D91))*D91 + (100 - 44.3))/100, IF(C91<4100, (((100 - 35.73)/(100 - D91))*D91 + (100 - 35.73))/100, "")) | N91: =IF(J91="HBA 0", (H91 - 0.66)*4 + (I91 - 7.94)*0.4, IF(J91="HBA I", (H91 - 0.75)*4 + (I91 - 6.04)*0.4, IF(J91="HBA II", (H91 - 0.23)*4 + (I91 - 3.9)*0.4, IF(J91="HBA III", (H91 - 0.24)*4 + (I91 - 3.88)*0.4, "")))) -> -0.69689888 | O91: =IF(C91>6322,K91*C91/6322*((100 - D91)/(100 - 12.26)) - N91,IF(C91>5301,K91*C91/5300*((100 - D91)/(100 - 21.32)) - N91,IF(C91>4000,K91*C91/4100*((100 - D91)/(100 - 35.73)) - N91,IF(C91>4000,K91*C91/4100*((100 - D91)/(100 - (35.73/M91))) - N91,K91*C91/3400*((100 - D91)/((100 - 44.3)/M91)) - N91)))) -> 66.088718 | R91: =R89 -> 65.2 | S91: =(((#REF!*50%)+(#REF!*50%))*C91/5400)+R91 -> #REF! | T91: ICI 2+3 | U91: =R91-O91 -> -0.88871766
A92: =A36 -> 45870 | B92: BME 5333 (Barge 1) | C92: 5333 | D92: 25.95 | E92: 10.6 | F92: 0.58 | G92: 3.25 | H92: =((100-D92)/(100-E92))*F92 -> 0.48041387 | I92: =((100-D92)/(100-E92))*G92 -> 2.6919743 | J92: =IF(C92>6000,"HBA 0",IF(C92>5300,"HBA I",IF(C92>4100,"HBA II","HBA III"))) -> HBA I | K92: =IF(J92="", "", INDEX($B$24:$E$36, MATCH(DATE(2025,8,1), $A$24:$A$36, 0), MATCH(J92, $B$23:$E$23, 0))) -> 67.33 | L92: =IF(J92="HBA 0", K92*C92/6322*((100 - D92)/(100 - 12.26)), IF(J92="HBA I", K92*C92/5300*((100 - D92)/(100 - 21.32)), IF(J92="HBA II", K92*C92/4100*((100 - D92)/(100 - 35.73)), IF(J92="HBA III", K92*C92/3400*((100 - D92)/((100 - 44.3)/M92)), "")))) -> 63.762456 | M92: =IF(C92<=3400, (((100 - 44.3)/(100 - D92))*D92 + (100 - 44.3))/100, IF(C92<4100, (((100 - 35.73)/(100 - D92))*D92 + (100 - 35.73))/100, "")) | N92: =IF(J92="HBA 0", (H92 - 0.66)*4 + (I92 - 7.94)*0.4, IF(J92="HBA I", (H92 - 0.75)*4 + (I92 - 6.04)*0.4, IF(J92="HBA II", (H92 - 0.23)*4 + (I92 - 3.9)*0.4, IF(J92="HBA III", (H92 - 0.24)*4 + (I92 - 3.88)*0.4, "")))) -> -2.4175548 | O92: =IF(C92>6322,K92*C92/6322*((100 - D92)/(100 - 12.26)) - N92,IF(C92>5301,K92*C92/5300*((100 - D92)/(100 - 21.32)) - N92,IF(C92>4000,K92*C92/4100*((100 - D92)/(100 - 35.73)) - N92,IF(C92>4000,K92*C92/4100*((100 - D92)/(100 - (35.73/M92))) - N92,K92*C92/3400*((100 - D92)/((100 - 44.3)/M92)) - N92)))) -> 66.180011 | R92: =R90*C92/C90 -> 64.391037 | S92: =(((#REF!*50%)+(#REF!*50%))*C92/5400)+R92 -> #REF! | T92: ICI 2+3 Prorated | U92: =R92-O92 -> -1.7889743 | V92: =O92-6.5 -> 59.680011
A93: =A36 -> 45870 | B93: BME 5329 (Barge 2) | C93: 5329 | D93: 25.94 | E93: 9.56 | F93: 0.6 | G93: 3.43 | H93: =((100-D93)/(100-E93))*F93 -> 0.49133127 | I93: =((100-D93)/(100-E93))*G93 -> 2.8087771 | J93: =IF(C93>6000,"HBA 0",IF(C93>5300,"HBA I",IF(C93>4100,"HBA II","HBA III"))) -> HBA I | K93: =IF(J93="", "", INDEX($B$24:$E$36, MATCH(DATE(2025,8,1), $A$24:$A$36, 0), MATCH(J93, $B$23:$E$23, 0))) -> 67.33 | L93: =IF(J93="HBA 0", K93*C93/6322*((100 - D93)/(100 - 12.26)), IF(J93="HBA I", K93*C93/5300*((100 - D93)/(100 - 21.32)), IF(J93="HBA II", K93*C93/4100*((100 - D93)/(100 - 35.73)), IF(J93="HBA III", K93*C93/3400*((100 - D93)/((100 - 44.3)/M93)), "")))) -> 63.723236 | M93: =IF(C93<=3400, (((100 - 44.3)/(100 - D93))*D93 + (100 - 44.3))/100, IF(C93<4100, (((100 - 35.73)/(100 - D93))*D93 + (100 - 35.73))/100, "")) | N93: =IF(J93="HBA 0", (H93 - 0.66)*4 + (I93 - 7.94)*0.4, IF(J93="HBA I", (H93 - 0.75)*4 + (I93 - 6.04)*0.4, IF(J93="HBA II", (H93 - 0.23)*4 + (I93 - 3.9)*0.4, IF(J93="HBA III", (H93 - 0.24)*4 + (I93 - 3.88)*0.4, "")))) -> -2.3271641 | O93: =IF(C93>6322,K93*C93/6322*((100 - D93)/(100 - 12.26)) - N93,IF(C93>5301,K93*C93/5300*((100 - D93)/(100 - 21.32)) - N93,IF(C93>4000,K93*C93/4100*((100 - D93)/(100 - 35.73)) - N93,IF(C93>4000,K93*C93/4100*((100 - D93)/(100 - (35.73/M93))) - N93,K93*C93/3400*((100 - D93)/((100 - 44.3)/M93)) - N93)))) -> 66.0504 | R93: =R91*C93/C91 -> 64.342741 | S93: =(((#REF!*50%)+(#REF!*50%))*C93/5400)+R93 -> #REF! | T93: ICI 2+3 Prorated | U93: =R93-O93 -> -1.7076593 | V93: =O93-6.5 -> 59.5504
A94: =A36 -> 45870 | B94: BME 5275 | C94: 5275 | D94: 25 | E94: 11 | F94: 0.8 | G94: 6 | H94: =((100-D94)/(100-E94))*F94 -> 0.6741573 | I94: =((100-D94)/(100-E94))*G94 -> 5.0561798 | J94: =IF(C94>6000,"HBA 0",IF(C94>5300,"HBA I",IF(C94>4100,"HBA II","HBA III"))) -> HBA II | K94: =IF(J94="", "", INDEX($B$24:$E$36, MATCH(DATE(2025,8,1), $A$24:$A$36, 0), MATCH(J94, $B$23:$E$23, 0))) -> 45.74 | L94: =IF(J94="HBA 0", K94*C94/6322*((100 - D94)/(100 - 12.26)), IF(J94="HBA I", K94*C94/5300*((100 - D94)/(100 - 21.32)), IF(J94="HBA II", K94*C94/4100*((100 - D94)/(100 - 35.73)), IF(J94="HBA III", K94*C94/3400*((100 - D94)/((100 - 44.3)/M94)), "")))) -> 68.673271 | M94: =IF(C94<=3400, (((100 - 44.3)/(100 - D94))*D94 + (100 - 44.3))/100, IF(C94<4100, (((100 - 35.73)/(100 - D94))*D94 + (100 - 35.73))/100, "")) | N94: =IF(J94="HBA 0", (H94 - 0.66)*4 + (I94 - 7.94)*0.4, IF(J94="HBA I", (H94 - 0.75)*4 + (I94 - 6.04)*0.4, IF(J94="HBA II", (H94 - 0.23)*4 + (I94 - 3.9)*0.4, IF(J94="HBA III", (H94 - 0.24)*4 + (I94 - 3.88)*0.4, "")))) -> 2.2391011 | O94: =IF(C94>6322,K94*C94/6322*((100 - D94)/(100 - 12.26)) - N94,IF(C94>5300,K94*C94/5300*((100 - D94)/(100 - 21.32)) - N94,IF(C94>4000,K94*C94/4100*((100 - D94)/(100 - 35.73)) - N94,IF(C94>4000,K94*C94/4100*((100 - D94)/(100 - (35.73/M94))) - N94,K94*C94/3400*((100 - D94)/((100 - 44.3)/M94)) - N94)))) -> 66.434169 | R94: =R91*C94/C91 -> 63.690741 | S94: =(((#REF!*50%)+(#REF!*50%))*C94/5400)+R94 -> #REF! | T94: ICI 2+3 Prorated | U94: =R94-O94 -> -2.7434287
A95: =A36 -> 45870 | B95: BME 5290 | C95: 5290 | D95: 25 | E95: 11 | F95: 0.8 | G95: 6 | H95: =((100-D95)/(100-E95))*F95 -> 0.6741573 | I95: =((100-D95)/(100-E95))*G95 -> 5.0561798 | J95: =IF(C95>6000,"HBA 0",IF(C95>5300,"HBA I",IF(C95>4100,"HBA II","HBA III"))) -> HBA II | K95: =IF(J95="", "", INDEX($B$24:$E$36, MATCH(DATE(2025,8,1), $A$24:$A$36, 0), MATCH(J95, $B$23:$E$23, 0))) -> 45.74 | L95: =IF(J95="HBA 0", K95*C95/6322*((100 - D95)/(100 - 12.26)), IF(J95="HBA I", K95*C95/5300*((100 - D95)/(100 - 21.32)), IF(J95="HBA II", K95*C95/4100*((100 - D95)/(100 - 35.73)), IF(J95="HBA III", K95*C95/3400*((100 - D95)/((100 - 44.3)/M95)), "")))) -> 68.86855 | M95: =IF(C95<=3400, (((100 - 44.3)/(100 - D95))*D95 + (100 - 44.3))/100, IF(C95<4100, (((100 - 35.73)/(100 - D95))*D95 + (100 - 35.73))/100, "")) | N95: =IF(J95="HBA 0", (H95 - 0.66)*4 + (I95 - 7.94)*0.4, IF(J95="HBA I", (H95 - 0.75)*4 + (I95 - 6.04)*0.4, IF(J95="HBA II", (H95 - 0.23)*4 + (I95 - 3.9)*0.4, IF(J95="HBA III", (H95 - 0.24)*4 + (I95 - 3.88)*0.4, "")))) -> 2.2391011 | O95: =IF(C95>6322,K95*C95/6322*((100 - D95)/(100 - 12.26)) - N95,IF(C95>5301,K95*C95/5300*((100 - D95)/(100 - 21.32)) - N95,IF(C95>4000,K95*C95/4100*((100 - D95)/(100 - 35.73)) - N95,IF(C95>4000,K95*C95/4100*((100 - D95)/(100 - (35.73/M95))) - N95,K95*C95/3400*((100 - D95)/((100 - 44.3)/M95)) - N95)))) -> 66.629449 | R95: =R91*C95/C91 -> 63.871852 | S95: =(((#REF!*50%)+(#REF!*50%))*C95/5400)+R95 -> #REF! | T95: ICI 2+3 Prorated | U95: =R95-O95 -> -2.757597
A96: =A36 -> 45870 | B96: MBL | C96: 5400 | D96: 22 | E96: 14 | F96: 1 | G96: 6 | H96: =((100-D96)/(100-E96))*F96 -> 0.90697674 | I96: =((100-D96)/(100-E96))*G96 -> 5.4418605 | J96: =IF(C96>6000,"HBA 0",IF(C96>5300,"HBA I",IF(C96>4100,"HBA II","HBA III"))) -> HBA I | K96: =IF(J96="", "", INDEX($B$24:$E$36, MATCH(DATE(2025,8,1), $A$24:$A$36, 0), MATCH(J96, $B$23:$E$23, 0))) -> 67.33 | L96: =IF(J96="HBA 0", K96*C96/6322*((100 - D96)/(100 - 12.26)), IF(J96="HBA I", K96*C96/5300*((100 - D96)/(100 - 21.32)), IF(J96="HBA II", K96*C96/4100*((100 - D96)/(100 - 35.73)), IF(J96="HBA III", K96*C96/3400*((100 - D96)/((100 - 44.3)/M96)), "")))) -> 68.007492 | M96: =IF(C96<=3400, (((100 - 44.3)/(100 - D96))*D96 + (100 - 44.3))/100, IF(C96<4100, (((100 - 35.73)/(100 - D96))*D96 + (100 - 35.73))/100, "")) | N96: =IF(J96="HBA 0", (H96 - 0.66)*4 + (I96 - 7.94)*0.4, IF(J96="HBA I", (H96 - 0.75)*4 + (I96 - 6.04)*0.4, IF(J96="HBA II", (H96 - 0.23)*4 + (I96 - 3.9)*0.4, IF(J96="HBA III", (H96 - 0.24)*4 + (I96 - 3.88)*0.4, "")))) -> 0.38865116 | O96: =IF(C96>6322,K96*C96/6322*((100 - D96)/(100 - 12.26)) - N96,IF(C96>5301,K96*C96/5300*((100 - D96)/(100 - 21.32)) - N96,IF(C96>4000,K96*C96/4100*((100 - D96)/(100 - 35.73)) - N96,IF(C96>4000,K96*C96/4100*((100 - D96)/(100 - (35.73/M96))) - N96,K96*C96/3400*((100 - D96)/((100 - 44.3)/M96)) - N96)))) -> 67.61884 | R96: =R89 -> 65.2 | S96: =((#REF!*50%)+(#REF!*50%))+R96 -> #REF! | T96: ICI 2+3 Prorated | U96: =R96-O96 -> -2.4188404
A97: =A36 -> 45870 | B97: TRIOP 4200 | C97: 4200 | D97: 36 | E97: 16 | F97: 0.4 | G97: 8 | H97: =((100-D97)/(100-E97))*F97 -> 0.3047619 | I97: =((100-D97)/(100-E97))*G97 -> 6.0952381 | J97: =IF(C97>6000,"HBA 0",IF(C97>5300,"HBA I",IF(C97>4100,"HBA II","HBA III"))) -> HBA II | K97: =IF(J97="", "", INDEX($B$24:$E$36, MATCH(DATE(2025,8,1), $A$24:$A$36, 0), MATCH(J97, $B$23:$E$23, 0))) -> 45.74 | L97: =IF(J97="HBA 0", K97*C97/6322*((100 - D97)/(100 - 12.26)), IF(J97="HBA I", K97*C97/5300*((100 - D97)/(100 - 21.32)), IF(J97="HBA II", K97*C97/4100*((100 - D97)/(100 - 35.73)), IF(J97="HBA III", K97*C97/3400*((100 - D97)/((100 - 44.3)/M97)), "")))) -> 46.658768 | M97: =IF(C97<=3400, (((100 - 44.3)/(100 - D97))*D97 + (100 - 44.3))/100, IF(C97<4100, (((100 - 35.73)/(100 - D97))*D97 + (100 - 35.73))/100, "")) | N97: =IF(J97="HBA 0", (H97 - 0.66)*4 + (I97 - 7.94)*0.4, IF(J97="HBA I", (H97 - 0.75)*4 + (I97 - 6.04)*0.4, IF(J97="HBA II", (H97 - 0.23)*4 + (I97 - 3.9)*0.4, IF(J97="HBA III", (H97 - 0.24)*4 + (I97 - 3.88)*0.4, "")))) -> 1.1771429 | O97: =IF(C97>6322,K97*C97/6322*((100 - D97)/(100 - 12.26)) - N97,IF(C97>5301,K97*C97/5300*((100 - D97)/(100 - 21.32)) - N97,IF(C97>4000,K97*C97/4100*((100 - D97)/(100 - 35.73)) - N97,IF(C97>4000,K97*C97/4100*((100 - D97)/(100 - (35.73/M97))) - N97,K97*C97/3400*((100 - D97)/((100 - 44.3)/M97)) - N97)))) -> 45.481625 | R97: ='ICI, GNewc, Delta'!E713 -> 41.2 | S97: =#REF!+'HPB Calculation'!R97 -> #REF! | T97: ICI 4 | U97: =R97-O97 -> -4.2816252
A98: =A36 -> 45870 | B98: TRIOP 4050 | C98: 4050 | D98: 36 | E98: 16 | F98: 0.4 | G98: 8 | H98: =((100-D98)/(100-E98))*F98 -> 0.3047619 | I98: =((100-D98)/(100-E98))*G98 -> 6.0952381 | J98: =IF(C98>6000,"HBA 0",IF(C98>5300,"HBA I",IF(C98>4100,"HBA II","HBA III"))) -> HBA III | K98: =IF(J98="", "", INDEX($B$24:$E$36, MATCH(DATE(2025,8,1), $A$24:$A$36, 0), MATCH(J98, $B$23:$E$23, 0))) -> 34.86 | L98: =IF(J98="HBA 0", K98*C98/6322*((100 - D98)/(100 - 12.26)), IF(J98="HBA I", K98*C98/5300*((100 - D98)/(100 - 21.32)), IF(J98="HBA II", K98*C98/4100*((100 - D98)/(100 - 35.73)), IF(J98="HBA III", K98*C98/3400*((100 - D98)/((100 - 44.3)/M98)), "")))) -> 47.913356 | M98: =IF(C98<=3400, (((100 - 44.3)/(100 - D98))*D98 + (100 - 44.3))/100, IF(C98<4100, (((100 - 35.73)/(100 - D98))*D98 + (100 - 35.73))/100, "")) -> 1.0042188 | N98: =IF(J98="HBA 0", (H98 - 0.66)*4 + (I98 - 7.94)*0.4, IF(J98="HBA I", (H98 - 0.75)*4 + (I98 - 6.04)*0.4, IF(J98="HBA II", (H98 - 0.23)*4 + (I98 - 3.9)*0.4, IF(J98="HBA III", (H98 - 0.24)*4 + (I98 - 3.88)*0.4, "")))) -> 1.1451429 | O98: =IF(C98>6322,K98*C98/6322*((100 - D98)/(100 - 12.26)) - N98,IF(C98>5301,K98*C98/5300*((100 - D98)/(100 - 21.32)) - N98,IF(C98>4000,K98*C98/4100*((100 - D98)/(100 - 35.73)) - N98,IF(C98>4000,K98*C98/4100*((100 - D98)/(100 - (35.73/M98))) - N98,K98*C98/3400*((100 - D98)/((100 - 44.3)/M98)) - N98)))) -> 33.145073 | R98: =R97*C98/C97 -> 39.728571 | S98: =#REF!+'HPB Calculation'!R98 -> #REF! | T98: ICI 4 Prorated | U98: =R98-O98 -> 6.5834981
A99: =A36 -> 45870 | B99: ANZAWARA | C99: 3800 | D99: 40 | E99: 15 | F99: 0.6 | G99: 8 | H99: =((100-D99)/(100-E99))*F99 -> 0.42352941 | I99: =((100-D99)/(100-E99))*G99 -> 5.6470588 | J99: =IF(C99>6000,"HBA 0",IF(C99>5300,"HBA I",IF(C99>4100,"HBA II","HBA III"))) -> HBA III | K99: =IF(J99="", "", INDEX($B$24:$E$36, MATCH(DATE(2025,8,1), $A$24:$A$36, 0), MATCH(J99, $B$23:$E$23, 0))) -> 34.86 | L99: =IF(J99="HBA 0", K99*C99/6322*((100 - D99)/(100 - 12.26)), IF(J99="HBA I", K99*C99/5300*((100 - D99)/(100 - 21.32)), IF(J99="HBA II", K99*C99/4100*((100 - D99)/(100 - 35.73)), IF(J99="HBA III", K99*C99/3400*((100 - D99)/((100 - 44.3)/M99)), "")))) -> 44.955742 | M99: =IF(C99<=3400, (((100 - 44.3)/(100 - D99))*D99 + (100 - 44.3))/100, IF(C99<4100, (((100 - 35.73)/(100 - D99))*D99 + (100 - 35.73))/100, "")) -> 1.0711667 | N99: =IF(J99="HBA 0", (H99 - 0.66)*4 + (I99 - 7.94)*0.4, IF(J99="HBA I", (H99 - 0.75)*4 + (I99 - 6.04)*0.4, IF(J99="HBA II", ((H99 - 0.23)*4) + ((I99 - 3.9)*0.4), IF(J99="HBA III", (H99 - 0.24)*4 + (I99 - 3.88)*0.4, "")))) -> 1.4409412 | O99: =IF(C99>6322,K99*C99/6322*((100 - D99)/(100 - 12.26)) - N99,IF(C99>5301,K99*C99/5300*((100 - D99)/(100 - 21.32)) - N99,IF(C99>4000,K99*C99/4100*((100 - D99)/(100 - 35.73)) - N99,IF(C99>4000,K99*C99/4100*((100 - D99)/(100 - (35.73/M99))) - N99,K99*C99/3400*((100 - D99)/((100 - 44.3)/M99)) - N99)))) -> 43.514801 | R99: ='ICI, GNewc, Delta'!AF713 -> 35.485 | S99: =((#REF!*50%)+(#REF!*50%)) -> #REF! | T99: ICI 4+5 | U99: =R99-O99 -> -8.0298005
A100: =A36 -> 45870 | B100: MIND ID (USING ICI) | C100: 4800 | D100: 30 | E100: 14 | F100: 0.8 | G100: 8 | H100: =((100-D100)/(100-E100))*F100 -> 0.65116279 | I100: =((100-D100)/(100-E100))*G100 -> 6.5116279 | J100: =IF(C100>6000,"HBA 0",IF(C100>5300,"HBA I",IF(C100>4100,"HBA II","HBA III"))) -> HBA II | K100: =IF(J100="", "", INDEX($B$24:$E$36, MATCH(DATE(2025,8,1), $A$24:$A$36, 0), MATCH(J100, $B$23:$E$23, 0))) -> 45.74 | L100: =IF(J100="HBA 0", K100*C100/6322*((100 - D100)/(100 - 12.26)), IF(J100="HBA I", K100*C100/5300*((100 - D100)/(100 - 21.32)), IF(J100="HBA II", K100*C100/4100*((100 - D100)/(100 - 35.73)), IF(J100="HBA III", K100*C100/3400*((100 - D100)/((100 - 44.3)/M100)), "")))) -> 58.32346 | M100: =IF(C100<=3400, (((100 - 44.3)/(100 - D100))*D100 + (100 - 44.3))/100, IF(C100<4100, (((100 - 35.73)/(100 - D100))*D100 + (100 - 35.73))/100, "")) | N100: =IF(J100="HBA 0", (H100 - 0.66)*4 + (I100 - 7.94)*0.4, IF(J100="HBA I", (H100 - 0.75)*4 + (I100 - 6.04)*0.4, IF(J100="HBA II", (H100 - 0.23)*4 + (I100 - 3.9)*0.4, IF(J100="HBA III", (H100 - 0.24)*4 + (I100 - 3.88)*0.4, "")))) -> 2.7293023 | O100: =IF(C100>6322,K100*C100/6322*((100 - D100)/(100 - 12.26)) - N100,IF(C100>5301,K100*C100/5300*((100 - D100)/(100 - 21.32)) - N100,IF(C100>4000,K100*C100/4100*((100 - D100)/(100 - 35.73)) - N100,IF(C100>4000,K100*C100/4100*((100 - D100)/(100 - (35.73/M100))) - N100,K100*C100/3400*((100 - D100)/((100 - 44.3)/M100)) - N100)))) -> 55.594158 | R100: ='ICI, GNewc, Delta'!D713*C100/5000 -> 53.9328 | S100: =(#REF!*C100/5000)+R100 -> #REF! | T100: ICI 3 Prorated | U100: =R100-O100 -> -1.6613578
A101: =A$37 -> 45884 | B101: PTBA | C101: 5000 | D101: 28 | E101: 13 | F101: 0.8 | G101: 8 | H101: =((100-D101)/(100-E101))*F101 -> 0.66206897 | I101: =((100-D101)/(100-E101))*G101 -> 6.6206897 | J101: =IF(C101>6000,"HBA 0",IF(C101>5300,"HBA I",IF(C101>4100,"HBA II","HBA III"))) -> HBA II | K101: =IF(J101="", "", INDEX($B$24:$E$37, MATCH(DATE(2025,8,15), $A$24:$A$37, 0), MATCH(J101, $B$23:$E$23, 0))) -> 43.7 | L101: =IF(J101="HBA 0", K101*C101/6322*((100 - D101)/(100 - 12.26)), IF(J101="HBA I", K101*C101/5300*((100 - D101)/(100 - 21.32)), IF(J101="HBA II", K101*C101/4100*((100 - D101)/(100 - 35.73)), IF(J101="HBA III", K101*C101/3400*((100 - D101)/((100 - 44.3)/M101)), "")))) -> 59.702399 | M101: =IF(C101<=3400, (((100 - 44.3)/(100 - D101))*D101 + (100 - 44.3))/100, IF(C101<4100, (((100 - 35.73)/(100 - D101))*D101 + (100 - 35.73))/100, "")) | N101: =IF(J101="HBA 0", (H101 - 0.66)*4 + (I101 - 7.94)*0.4, IF(J101="HBA I", (H101 - 0.75)*4 + (I101 - 6.04)*0.4, IF(J101="HBA II", (H101 - 0.23)*4 + (I101 - 3.9)*0.4, IF(J101="HBA III", (H101 - 0.24)*4 + (I101 - 3.88)*0.4, "")))) -> 2.8165517 | O101: =IF(C101>6322,K101*C101/6322*((100 - D101)/(100 - 12.26)) - N101,IF(C101>5301,K101*C101/5300*((100 - D101)/(100 - 21.32)) - N101,IF(C101>4000,K101*C101/4100*((100 - D101)/(100 - 35.73)) - N101,IF(C101>4000,K101*C101/4100*((100 - D101)/(100 - (35.73/M101))) - N101,K101*C101/3400*((100 - D101)/((100 - 44.3)/M101)) - N101)))) -> 56.885847 | P101: 3.01 | Q101: =O101+P101 -> 59.895847 | R101: ='ICI, GNewc, Delta'!D715 -> 58.31 | S101: =AVERAGE(#REF!)+0.75 -> #REF! | T101: ICI 3 | U101: =R101-O101 -> 1.4241529
A102: =A$37 -> 45884 | B102: PTBA (MV. BAO REN LING) | C102: 5008 | D102: 27.68 | E102: 15.5 | F102: 0.49 | G102: 4.79 | H102: =((100-D102)/(100-E102))*F102 -> 0.41937041 | I102: =((100-D102)/(100-E102))*G102 -> 4.0995598 | J102: =IF(C102>6000,"HBA 0",IF(C102>5300,"HBA I",IF(C102>4100,"HBA II","HBA III"))) -> HBA II | K102: =IF(J102="", "", INDEX($B$24:$E$37, MATCH(DATE(2025,8,15), $A$24:$A$37, 0), MATCH(J102, $B$23:$E$23, 0))) -> 43.7 | L102: =IF(J102="HBA 0", K102*C102/6322*((100 - D102)/(100 - 12.26)), IF(J102="HBA I", K102*C102/5300*((100 - D102)/(100 - 21.32)), IF(J102="HBA II", K102*C102/4100*((100 - D102)/(100 - 35.73)), IF(J102="HBA III", K102*C102/3400*((100 - D102)/((100 - 44.3)/M102)), "")))) -> 60.063691 | M102: =IF(C102<=3400, (((100 - 44.3)/(100 - D102))*D102 + (100 - 44.3))/100, IF(C102<4100, (((100 - 35.73)/(100 - D102))*D102 + (100 - 35.73))/100, "")) | N102: =IF(J102="HBA 0", (H102 - 0.66)*4 + (I102 - 7.94)*0.4, IF(J102="HBA I", (H102 - 0.75)*4 + (I102 - 6.04)*0.4, IF(J102="HBA II", (H102 - 0.23)*4 + (I102 - 3.9)*0.4, IF(J102="HBA III", (H102 - 0.24)*4 + (I102 - 3.88)*0.4, "")))) -> 0.83730556 | O102: =IF(C102>6322,K102*C102/6322*((100 - D102)/(100 - 12.26)) - N102,IF(C102>5301,K102*C102/5300*((100 - D102)/(100 - 21.32)) - N102,IF(C102>4000,K102*C102/4100*((100 - D102)/(100 - 35.73)) - N102,IF(C102>4000,K102*C102/4100*((100 - D102)/(100 - (35.73/M102))) - N102,K102*C102/3400*((100 - D102)/((100 - 44.3)/M102)) - N102)))) -> 59.226386 | P102: 3.01 | Q102: =O102+P102 -> 62.236386 | R102: ='ICI, GNewc, Delta'!D716 -> 58.57 | S102: =AVERAGE(#REF!)+0.75 -> #REF! | T102: ICI 3 | U102: =R102-O102 -> -0.65638562
A103: =A$37 -> 45884 | B103: KMIA | C103: 5400 | D103: 19 | E103: 14 | F103: 0.2 | G103: 6 | H103: =((100-D103)/(100-E103))*F103 -> 0.18837209 | I103: =((100-D103)/(100-E103))*G103 -> 5.6511628 | J103: =IF(C103>6000,"HBA 0",IF(C103>5300,"HBA I",IF(C103>4100,"HBA II","HBA III"))) -> HBA I | K103: =IF(J103="", "", INDEX($B$24:$E$37, MATCH(DATE(2025,8,15), $A$24:$A$37, 0), MATCH(J103, $B$23:$E$23, 0))) -> 67.2 | L103: =IF(J103="HBA 0", K103*C103/6322*((100 - D103)/(100 - 12.26)), IF(J103="HBA I", K103*C103/5300*((100 - D103)/(100 - 21.32)), IF(J103="HBA II", K103*C103/4100*((100 - D103)/(100 - 35.73)), IF(J103="HBA III", K103*C103/3400*((100 - D103)/((100 - 44.3)/M103)), "")))) -> 70.486806 | M103: =IF(C103<=3400, (((100 - 44.3)/(100 - D103))*D103 + (100 - 44.3))/100, IF(C103<4100, (((100 - 35.73)/(100 - D103))*D103 + (100 - 35.73))/100, "")) | N103: =IF(J103="HBA 0", (H103 - 0.66)*4 + (I103 - 7.94)*0.4, IF(J103="HBA I", (H103 - 0.75)*4 + (I103 - 6.04)*0.4, IF(J103="HBA II", (H103 - 0.23)*4 + (I103 - 3.9)*0.4, IF(J103="HBA III", (H103 - 0.24)*4 + (I103 - 3.88)*0.4, "")))) -> -2.4020465 | O103: =IF(C103>6322,K103*C103/6322*((100 - D103)/(100 - 12.26)) - N103,IF(C103>5301,K103*C103/5300*((100 - D103)/(100 - 21.32)) - N103,IF(C103>4000,K103*C103/4100*((100 - D103)/(100 - 35.73)) - N103,IF(C103>4000,K103*C103/4100*((100 - D103)/(100 - (35.73/M103))) - N103,K103*C103/3400*((100 - D103)/((100 - 44.3)/M103)) - N103)))) -> 72.888852 | P103: -7.12 | Q103: =O103+P103 -> 65.768852 | R103: =('ICI, GNewc, Delta'!C715+'ICI, GNewc, Delta'!D715)/2 -> 66.88 | T103: ICI 2+3 | U103: =R103-O103 -> -6.0088524
A104: =A$37 -> 45884 | B104: KMIA | C104: 5250 | D104: 19 | E104: 14 | F104: 0.2 | G104: 6 | H104: =((100-D104)/(100-E104))*F104 -> 0.18837209 | I104: =((100-D104)/(100-E104))*G104 -> 5.6511628 | J104: =IF(C104>6000,"HBA 0",IF(C104>5300,"HBA I",IF(C104>4100,"HBA II","HBA III"))) -> HBA II | K104: =IF(J104="", "", INDEX($B$24:$E$37, MATCH(DATE(2025,8,15), $A$24:$A$37, 0), MATCH(J104, $B$23:$E$23, 0))) -> 43.7 | L104: =IF(J104="HBA 0", K104*C104/6322*((100 - D104)/(100 - 12.26)), IF(J104="HBA I", K104*C104/5300*((100 - D104)/(100 - 21.32)), IF(J104="HBA II", K104*C104/4100*((100 - D104)/(100 - 35.73)), IF(J104="HBA III", K104*C104/3400*((100 - D104)/((100 - 44.3)/M104)), "")))) -> 70.523459 | M104: =IF(C104<=3400, (((100 - 44.3)/(100 - D104))*D104 + (100 - 44.3))/100, IF(C104<4100, (((100 - 35.73)/(100 - D104))*D104 + (100 - 35.73))/100, "")) | N104: =IF(J104="HBA 0", (H104 - 0.66)*4 + (I104 - 7.94)*0.4, IF(J104="HBA I", (H104 - 0.75)*4 + (I104 - 6.04)*0.4, IF(J104="HBA II", (H104 - 0.23)*4 + (I104 - 3.9)*0.4, IF(J104="HBA III", (H104 - 0.24)*4 + (I104 - 3.88)*0.4, "")))) -> 0.53395349 | O104: =IF(C104>6322,K104*C104/6322*((100 - D104)/(100 - 12.26)) - N104,IF(C104>5301,K104*C104/5300*((100 - D104)/(100 - 21.32)) - N104,IF(C104>4000,K104*C104/4100*((100 - D104)/(100 - 35.73)) - N104,IF(C104>4000,K104*C104/4100*((100 - D104)/(100 - (35.73/M104))) - N104,K104*C104/3400*((100 - D104)/((100 - 44.3)/M104)) - N104)))) -> 69.989505 | P104: -7.12 | Q104: =O104+P104 -> 62.869505 | R104: =R103*C104/C103 -> 65.022222 | T104: ICI 2+3 Prorated | U104: =R104-O104 -> -4.9672829
A105: =A$37 -> 45884 | B105: BME 5400 | C105: 5400 | D105: 25 | E105: 11 | F105: 0.8 | G105: 6 | H105: =((100-D105)/(100-E105))*F105 -> 0.6741573 | I105: =((100-D105)/(100-E105))*G105 -> 5.0561798 | J105: =IF(C105>6000,"HBA 0",IF(C105>5300,"HBA I",IF(C105>4100,"HBA II","HBA III"))) -> HBA I | K105: =IF(J105="", "", INDEX($B$24:$E$37, MATCH(DATE(2025,8,15), $A$24:$A$37, 0), MATCH(J105, $B$23:$E$23, 0))) -> 67.2 | L105: =IF(J105="HBA 0", K105*C105/6322*((100 - D105)/(100 - 12.26)), IF(J105="HBA I", K105*C105/5300*((100 - D105)/(100 - 21.32)), IF(J105="HBA II", K105*C105/4100*((100 - D105)/(100 - 35.73)), IF(J105="HBA III", K105*C105/3400*((100 - D105)/((100 - 44.3)/M105)), "")))) -> 65.265561 | M105: =IF(C105<=3400, (((100 - 44.3)/(100 - D105))*D105 + (100 - 44.3))/100, IF(C105<4100, (((100 - 35.73)/(100 - D105))*D105 + (100 - 35.73))/100, "")) | N105: =IF(J105="HBA 0", (H105 - 0.66)*4 + (I105 - 7.94)*0.4, IF(J105="HBA I", (H105 - 0.75)*4 + (I105 - 6.04)*0.4, IF(J105="HBA II", (H105 - 0.23)*4 + (I105 - 3.9)*0.4, IF(J105="HBA III", (H105 - 0.24)*4 + (I105 - 3.88)*0.4, "")))) -> -0.69689888 | O105: =IF(C105>6322,K105*C105/6322*((100 - D105)/(100 - 12.26)) - N105,IF(C105>5301,K105*C105/5300*((100 - D105)/(100 - 21.32)) - N105,IF(C105>4000,K105*C105/4100*((100 - D105)/(100 - 35.73)) - N105,IF(C105>4000,K105*C105/4100*((100 - D105)/(100 - (35.73/M105))) - N105,K105*C105/3400*((100 - D105)/((100 - 44.3)/M105)) - N105)))) -> 65.96246 | R105: =R103 -> 66.88 | S105: =(((#REF!*50%)+(#REF!*50%))*C105/5400)+R105 -> #REF! | T105: ICI 2+3 | U105: =R105-O105 -> 0.91754012 | V105: =O105-6.5 -> 59.46246
A106: =A$37 -> 45884 | B106: BME 5305 | C106: 5305 | D106: 25 | E106: 11 | F106: 0.8 | G106: 6 | H106: =((100-D106)/(100-E106))*F106 -> 0.6741573 | I106: =((100-D106)/(100-E106))*G106 -> 5.0561798 | J106: =IF(C106>6000,"HBA 0",IF(C106>5300,"HBA I",IF(C106>4100,"HBA II","HBA III"))) -> HBA I | K106: =IF(J106="", "", INDEX($B$24:$E$37, MATCH(DATE(2025,8,15), $A$24:$A$37, 0), MATCH(J106, $B$23:$E$23, 0))) -> 67.2 | L106: =IF(J106="HBA 0", K106*C106/6322*((100 - D106)/(100 - 12.26)), IF(J106="HBA I", K106*C106/5300*((100 - D106)/(100 - 21.32)), IF(J106="HBA II", K106*C106/4100*((100 - D106)/(100 - 35.73)), IF(J106="HBA III", K106*C106/3400*((100 - D106)/((100 - 44.3)/M106)), "")))) -> 64.117371 | M106: =IF(C106<=3400, (((100 - 44.3)/(100 - D106))*D106 + (100 - 44.3))/100, IF(C106<4100, (((100 - 35.73)/(100 - D106))*D106 + (100 - 35.73))/100, "")) | N106: =IF(J106="HBA 0", (H106 - 0.66)*4 + (I106 - 7.94)*0.4, IF(J106="HBA I", (H106 - 0.75)*4 + (I106 - 6.04)*0.4, IF(J106="HBA II", (H106 - 0.23)*4 + (I106 - 3.9)*0.4, IF(J106="HBA III", (H106 - 0.24)*4 + (I106 - 3.88)*0.4, "")))) -> -0.69689888 | O106: =IF(C106>6322,K106*C106/6322*((100 - D106)/(100 - 12.26)) - N106,IF(C106>5301,K106*C106/5300*((100 - D106)/(100 - 21.32)) - N106,IF(C106>4000,K106*C106/4100*((100 - D106)/(100 - 35.73)) - N106,IF(C106>4000,K106*C106/4100*((100 - D106)/(100 - (35.73/M106))) - N106,K106*C106/3400*((100 - D106)/((100 - 44.3)/M106)) - N106)))) -> 64.814269 | R106: =R105*C106/C105 -> 65.703407 | S106: =(((#REF!*50%)+(#REF!*50%))*C106/5400)+R106 -> #REF! | T106: ICI 2+3 Prorated | U106: =R106-O106 -> 0.88913795 | V106: =O106-6.5 -> 58.314269
A107: =A$37 -> 45884 | B107: BME 5300 | C107: 5300 | D107: 25 | E107: 11 | F107: 0.8 | G107: 6 | H107: =((100-D107)/(100-E107))*F107 -> 0.6741573 | I107: =((100-D107)/(100-E107))*G107 -> 5.0561798 | J107: =IF(C107>6000,"HBA 0",IF(C107>5300,"HBA I",IF(C107>4100,"HBA II","HBA III"))) -> HBA II | K107: =IF(J107="", "", INDEX($B$24:$E$37, MATCH(DATE(2025,8,15), $A$24:$A$37, 0), MATCH(J107, $B$23:$E$23, 0))) -> 43.7 | L107: =IF(J107="HBA 0", K107*C107/6322*((100 - D107)/(100 - 12.26)), IF(J107="HBA I", K107*C107/5300*((100 - D107)/(100 - 21.32)), IF(J107="HBA II", K107*C107/4100*((100 - D107)/(100 - 35.73)), IF(J107="HBA III", K107*C107/3400*((100 - D107)/((100 - 44.3)/M107)), "")))) -> 65.921399 | M107: =IF(C107<=3400, (((100 - 44.3)/(100 - D107))*D107 + (100 - 44.3))/100, IF(C107<4100, (((100 - 35.73)/(100 - D107))*D107 + (100 - 35.73))/100, "")) | N107: =IF(J107="HBA 0", (H107 - 0.66)*4 + (I107 - 7.94)*0.4, IF(J107="HBA I", (H107 - 0.75)*4 + (I107 - 6.04)*0.4, IF(J107="HBA II", (H107 - 0.23)*4 + (I107 - 3.9)*0.4, IF(J107="HBA III", (H107 - 0.24)*4 + (I107 - 3.88)*0.4, "")))) -> 2.2391011 | O107: =IF(C107>6322,K107*C107/6322*((100 - D107)/(100 - 12.26)) - N107,IF(C107>5301,K107*C107/5300*((100 - D107)/(100 - 21.32)) - N107,IF(C107>4000,K107*C107/4100*((100 - D107)/(100 - 35.73)) - N107,IF(C107>4000,K107*C107/4100*((100 - D107)/(100 - (35.73/M107))) - N107,K107*C107/3400*((100 - D107)/((100 - 44.3)/M107)) - N107)))) -> 63.682298 | R107: =R105*C107/C105 -> 65.641481 | S107: =(((#REF!*50%)+(#REF!*50%))*C107/5400)+R107 -> #REF! | T107: ICI 2+3 Prorated | U107: =R107-O107 -> 1.9591839 | V107: =O107-6.5 -> 57.182298
A108: =A$37 -> 45884 | B108: BME 5275 | C108: 5275 | D108: 25 | E108: 11 | F108: 0.8 | G108: 6 | H108: =((100-D108)/(100-E108))*F108 -> 0.6741573 | I108: =((100-D108)/(100-E108))*G108 -> 5.0561798 | J108: =IF(C108>6000,"HBA 0",IF(C108>5300,"HBA I",IF(C108>4100,"HBA II","HBA III"))) -> HBA II | K108: =IF(J108="", "", INDEX($B$24:$E$37, MATCH(DATE(2025,8,15), $A$24:$A$37, 0), MATCH(J108, $B$23:$E$23, 0))) -> 43.7 | L108: =IF(J108="HBA 0", K108*C108/6322*((100 - D108)/(100 - 12.26)), IF(J108="HBA I", K108*C108/5300*((100 - D108)/(100 - 21.32)), IF(J108="HBA II", K108*C108/4100*((100 - D108)/(100 - 35.73)), IF(J108="HBA III", K108*C108/3400*((100 - D108)/((100 - 44.3)/M108)), "")))) -> 65.610449 | M108: =IF(C108<=3400, (((100 - 44.3)/(100 - D108))*D108 + (100 - 44.3))/100, IF(C108<4100, (((100 - 35.73)/(100 - D108))*D108 + (100 - 35.73))/100, "")) | N108: =IF(J108="HBA 0", (H108 - 0.66)*4 + (I108 - 7.94)*0.4, IF(J108="HBA I", (H108 - 0.75)*4 + (I108 - 6.04)*0.4, IF(J108="HBA II", (H108 - 0.23)*4 + (I108 - 3.9)*0.4, IF(J108="HBA III", (H108 - 0.24)*4 + (I108 - 3.88)*0.4, "")))) -> 2.2391011 | O108: =IF(C108>6322,K108*C108/6322*((100 - D108)/(100 - 12.26)) - N108,IF(C108>5301,K108*C108/5300*((100 - D108)/(100 - 21.32)) - N108,IF(C108>4000,K108*C108/4100*((100 - D108)/(100 - 35.73)) - N108,IF(C108>4000,K108*C108/4100*((100 - D108)/(100 - (35.73/M108))) - N108,K108*C108/3400*((100 - D108)/((100 - 44.3)/M108)) - N108)))) -> 63.371348 | R108: =R105*C108/C105 -> 65.331852 | S108: =(((#REF!*50%)+(#REF!*50%))*C108/5400)+R108 -> #REF! | T108: ICI 2+3 Prorated | U108: =R108-O108 -> 1.9605043
A109: =A$37 -> 45884 | B109: MBL | C109: 5400 | D109: 22 | E109: 14 | F109: 1 | G109: 6 | H109: =((100-D109)/(100-E109))*F109 -> 0.90697674 | I109: =((100-D109)/(100-E109))*G109 -> 5.4418605 | J109: =IF(C109>6000,"HBA 0",IF(C109>5300,"HBA I",IF(C109>4100,"HBA II","HBA III"))) -> HBA I | K109: =IF(J109="", "", INDEX($B$24:$E$37, MATCH(DATE(2025,8,15), $A$24:$A$37, 0), MATCH(J109, $B$23:$E$23, 0))) -> 67.2 | L109: =IF(J109="HBA 0", K109*C109/6322*((100 - D109)/(100 - 12.26)), IF(J109="HBA I", K109*C109/5300*((100 - D109)/(100 - 21.32)), IF(J109="HBA II", K109*C109/4100*((100 - D109)/(100 - 35.73)), IF(J109="HBA III", K109*C109/3400*((100 - D109)/((100 - 44.3)/M109)), "")))) -> 67.876183 | M109: =IF(C109<=3400, (((100 - 44.3)/(100 - D109))*D109 + (100 - 44.3))/100, IF(C109<4100, (((100 - 35.73)/(100 - D109))*D109 + (100 - 35.73))/100, "")) | N109: =IF(J109="HBA 0", (H109 - 0.66)*4 + (I109 - 7.94)*0.4, IF(J109="HBA I", (H109 - 0.75)*4 + (I109 - 6.04)*0.4, IF(J109="HBA II", (H109 - 0.23)*4 + (I109 - 3.9)*0.4, IF(J109="HBA III", (H109 - 0.24)*4 + (I109 - 3.88)*0.4, "")))) -> 0.38865116 | O109: =IF(C109>6322,K109*C109/6322*((100 - D109)/(100 - 12.26)) - N109,IF(C109>5301,K109*C109/5300*((100 - D109)/(100 - 21.32)) - N109,IF(C109>4000,K109*C109/4100*((100 - D109)/(100 - 35.73)) - N109,IF(C109>4000,K109*C109/4100*((100 - D109)/(100 - (35.73/M109))) - N109,K109*C109/3400*((100 - D109)/((100 - 44.3)/M109)) - N109)))) -> 67.487532 | R109: =R103 -> 66.88 | S109: =((#REF!*50%)+(#REF!*50%))+R109 -> #REF! | T109: ICI 2+3 Prorated | U109: =R109-O109 -> -0.60753228
A110: =A$37 -> 45884 | B110: TRIOP 4200 | C110: 4200 | D110: 36 | E110: 16 | F110: 0.4 | G110: 8 | H110: =((100-D110)/(100-E110))*F110 -> 0.3047619 | I110: =((100-D110)/(100-E110))*G110 -> 6.0952381 | J110: =IF(C110>6000,"HBA 0",IF(C110>5300,"HBA I",IF(C110>4100,"HBA II","HBA III"))) -> HBA II | K110: =IF(J110="", "", INDEX($B$24:$E$37, MATCH(DATE(2025,8,15), $A$24:$A$37, 0), MATCH(J110, $B$23:$E$23, 0))) -> 43.7 | L110: =IF(J110="HBA 0", K110*C110/6322*((100 - D110)/(100 - 12.26)), IF(J110="HBA I", K110*C110/5300*((100 - D110)/(100 - 21.32)), IF(J110="HBA II", K110*C110/4100*((100 - D110)/(100 - 35.73)), IF(J110="HBA III", K110*C110/3400*((100 - D110)/((100 - 44.3)/M110)), "")))) -> 44.577791 | M110: =IF(C110<=3400, (((100 - 44.3)/(100 - D110))*D110 + (100 - 44.3))/100, IF(C110<4100, (((100 - 35.73)/(100 - D110))*D110 + (100 - 35.73))/100, "")) | N110: =IF(J110="HBA 0", (H110 - 0.66)*4 + (I110 - 7.94)*0.4, IF(J110="HBA I", (H110 - 0.75)*4 + (I110 - 6.04)*0.4, IF(J110="HBA II", (H110 - 0.23)*4 + (I110 - 3.9)*0.4, IF(J110="HBA III", (H110 - 0.24)*4 + (I110 - 3.88)*0.4, "")))) -> 1.1771429 | O110: =IF(C110>6322,K110*C110/6322*((100 - D110)/(100 - 12.26)) - N110,IF(C110>5301,K110*C110/5300*((100 - D110)/(100 - 21.32)) - N110,IF(C110>4000,K110*C110/4100*((100 - D110)/(100 - 35.73)) - N110,IF(C110>4000,K110*C110/4100*((100 - D110)/(100 - (35.73/M110))) - N110,K110*C110/3400*((100 - D110)/((100 - 44.3)/M110)) - N110)))) -> 43.400648 | R110: ='ICI, GNewc, Delta'!E715 -> 43.06 | S110: =#REF!+'HPB Calculation'!R110 -> #REF! | T110: ICI 4 | U110: =R110-O110 -> -0.34064825
A111: =A$37 -> 45884 | B111: TRIOP 4050 | C111: 4050 | D111: 36 | E111: 16 | F111: 0.4 | G111: 8 | H111: =((100-D111)/(100-E111))*F111 -> 0.3047619 | I111: =((100-D111)/(100-E111))*G111 -> 6.0952381 | J111: =IF(C111>6000,"HBA 0",IF(C111>5300,"HBA I",IF(C111>4100,"HBA II","HBA III"))) -> HBA III | K111: =IF(J111="", "", INDEX($B$24:$E$37, MATCH(DATE(2025,8,15), $A$24:$A$37, 0), MATCH(J111, $B$23:$E$23, 0))) -> 33.48 | L111: =IF(J111="HBA 0", K111*C111/6322*((100 - D111)/(100 - 12.26)), IF(J111="HBA I", K111*C111/5300*((100 - D111)/(100 - 21.32)), IF(J111="HBA II", K111*C111/4100*((100 - D111)/(100 - 35.73)), IF(J111="HBA III", K111*C111/3400*((100 - D111)/((100 - 44.3)/M111)), "")))) -> 46.016614 | M111: =IF(C111<=3400, (((100 - 44.3)/(100 - D111))*D111 + (100 - 44.3))/100, IF(C111<4100, (((100 - 35.73)/(100 - D111))*D111 + (100 - 35.73))/100, "")) -> 1.0042188 | N111: =IF(J111="HBA 0", (H111 - 0.66)*4 + (I111 - 7.94)*0.4, IF(J111="HBA I", (H111 - 0.75)*4 + (I111 - 6.04)*0.4, IF(J111="HBA II", (H111 - 0.23)*4 + (I111 - 3.9)*0.4, IF(J111="HBA III", (H111 - 0.24)*4 + (I111 - 3.88)*0.4, "")))) -> 1.1451429 | O111: =IF(C111>6322,K111*C111/6322*((100 - D111)/(100 - 12.26)) - N111,IF(C111>5301,K111*C111/5300*((100 - D111)/(100 - 21.32)) - N111,IF(C111>4000,K111*C111/4100*((100 - D111)/(100 - 35.73)) - N111,IF(C111>4000,K111*C111/4100*((100 - D111)/(100 - (35.73/M111))) - N111,K111*C111/3400*((100 - D111)/((100 - 44.3)/M111)) - N111)))) -> 31.787629 | R111: =R110*C111/C110 -> 41.522143 | S111: =#REF!+'HPB Calculation'!R111 -> #REF! | T111: ICI 4 Prorated | U111: =R111-O111 -> 9.7345135
...

Sheet HPB
A1: New Formula for coal price from Indonesian Government
A2: The price is minimum price from MINER
A4: HBA Formula (in 1st)
A5: HBA = (0.7*x1) + (0.3*x2) {US$/ton)
A6: X1 | B6: 70% derived from the weighted average FOB vessel sales price from the fourth week two months prior to the first week of the previous month
A7: X2 | B7: 30% from the weighted average FOB vessel sales price during the second and third weeks of two months prior.
A9: HBA Formula (in 15th)
A10: HBA = (0.7*x1) + (0.3*x2) {US$/ton)
A11: X1 | B11: 70% based on the weighted average FOB vessel sales price during the second and third weeks of the previous month.
A12: X2 | B12: 30% from the fourth week two months prior to the first week of the previous month.
A14: Spec | B14: GAR | C14: TM | D14: TS | E14: ASH | F14: Details
A15: HBA 0 | B15: 6322 | C15: 12.26 | D15: 0.66 | E15: 7.94 | F15: > 6000 GAR
A16: HBA I | B16: 5300 | C16: 21.32 | D16: 0.75 | E16: 6.04 | F16: > 5300 GAR - <6000 GAR
A17: HBA II | B17: 4100 | C17: 35.73 | D17: 0.23 | E17: 3.9 | F17: > 4100 GAR - <5,300 GAR
F18: < 4100 GAR - >3400 GAR
A19: HBA III | B19: 3400 | C19: 44.3 | D19: 0.24 | E19: 3.88 | F19: <3400 GAR
A20: HBA 90 | B20: 6322 | C20: 12.26 | D20: 0.66 | E20: 7.94 | F20: Domestic
A22: HBA Price
A23: Month | B23: HBA 0 | C23: HBA I | D23: HBA II | E23: HBA III | F23: HBA 90
A24: 45658 | B24: 124.24 | C24: 82.26 | D24: 52.75 | E24: 34.38 | F24: 124.24
A25: 45689 | B25: 124.01 | C25: 83.95 | D25: 50.52 | E25: 34.7 | F25: 124.01
A26: 45717 | B26: 128.24 | C26: 82.66 | D26: 50.7 | E26: 34.14 | F26: 128.24
A27: 45731 | B27: 117.76 | C27: 80.7 | D27: 49.44 | E27: 33.17 | F27: 117.76
A28: 45748 | B28: 123.32 | C28: 78.4 | D28: 49.54
B29: =B26-B27 -> 10.48
A31: SOURCE | C31: KUALITAS | H31: ARB | I31: ARB | J31: HBA | K31: HBA | L31: HBA*K*TM | M31: FKA | N31: TS + ASH | O31: HPB | P31: FINAL | Q31: ICI | R31: HD | S31: DELTA
C32: GAR | D32: TM (ar, %) | E32: IM | F32: TS ADB | G32: ASH ADB | H32: TS (%) | I32: Ash (%) | J32: Category | K32: Price | P32: HPB SUPPLIER | Q32: PRX | R32: PRX (0.977) | S32: PRX
A33: PTBA | C33: 5000 | D33: 28 | E33: 13 | F33: 0.8 | G33: 8 | H33: =((100-D33)/(100-E33))*F33 -> 0.66206897 | I33: =((100-D33)/(100-E33))*G33 -> 6.6206897 | L33: =D27*(C33/B15)*((100-D33)/(100-C15)) -> 32.08698 | M33: 0 | N33: =((H33-D$15)*4+(I33-E$15)*0.4) -> -0.51944828 | O33: =L33-N33 -> 32.606428 | Q33: =#REF! -> #REF! | R33: =Q33*0.977 -> #REF! | S33: =O33-R33 -> #REF!
A34: MBL | C34: 5280 | D34: 22 | E34: 14 | F34: 1 | G34: 6 | H34: =((100-D34)/(100-E34))*F34 -> 0.90697674 | I34: =((100-D34)/(100-E34))*G34 -> 5.4418605 | L34: =C27*(C34/B16)*((100-D34)/(100-C16)) -> 79.700646 | M34: 0 | N34: =((H34-D$16)*4+(I34-E$16)*0.4) -> 0.38865116 | O34: =L34-N34 -> 79.311994 | Q34: =#REF!*HPB!C34/5800 -> #REF! | R34: =Q34*0.977 -> #REF! | S34: =O34-R34 -> #REF!
A35: BME | C35: 5400 | D35: 25 | E35: 11 | F35: 0.8 | G35: 6 | H35: =((100-D35)/(100-E35))*F35 -> 0.6741573 | I35: =((100-D35)/(100-E35))*G35 -> 5.0561798 | L35: =C27*(C35/B16)*((100-D35)/(100-C16)) -> 78.376946 | M35: 0 | N35: =((H35-D$16)*4+(I35-E$16)*0.4) -> -0.69689888 | O35: =L35-N35 -> 79.073845 | Q35: =#REF!*HPB!C35/5800 -> #REF! | R35: =Q35*0.977 -> #REF! | S35: =O35-R35 -> #REF!
A36: KMIA
A37: MCM | C37: 4600 | D37: 32 | E37: 18 | F37: 0.3 | G37: 6 | H37: =((100-D37)/(100-E37))*F37 -> 0.24878049 | I37: =((100-D37)/(100-E37))*G37 -> 4.9756098 | L37: =D27*(C37/B17)*((100-D37)/(100-C17)) -> 58.688505 | M37: 0 | N37: =((H37-D$19)*4+(I37-E$19)*0.4) -> 0.47336585 | O37: =L37-N37 -> 58.21514
A38: Mind ID 5000 // contract | C38: 5000 | D38: 28 | E38: 13 | F38: 0.8 | G38: 8 | H38: =((100-D38)/(100-E38))*F38 -> 0.66206897 | I38: =((100-D38)/(100-E38))*G38 -> 6.6206897

Sheet HD 5000
A1: Spec | B1: GAR | C1: TM | D1: TS | E1: ASH | F1: Details
A2: HBA 0 | B2: 6322 | C2: 12.26 | D2: 0.66 | E2: 7.94 | F2: > 6000 GAR
A3: HBA I | B3: 5300 | C3: 21.32 | D3: 0.75 | E3: 6.04 | F3: > 5300 GAR - <6000 GAR
A4: HBA II | B4: 4100 | C4: 35.73 | D4: 0.23 | E4: 3.9 | F4: > 4100 GAR - <5,300 GAR
F5: < 4100 GAR - >3400 GAR
B6: 3400 | C6: 44.3 | D6: 0.24 | E6: 3.88 | F6: > 4100 GAR - <5,300 GAR | V6: ICI 0.977 (50%)
B7: 6322 | C7: 12.26 | D7: 0.66 | E7: 7.94 | F7: Domestic | Q7: ICI 0.977 | S7: NEWC 0.707 | V7: NEWC 0.707 (50%)
A8: MONTH | B8: PRICE HBA | C8: ICI 1 | D8: KUALITAS | I8: ARB | J8: ARB | K8: HBA*K*TM | L8: FKA | M8: TS + ASH | N8: HPB | O8: ICI 3 | P8: GAP | Q8: HD | R8: GAP ICI | S8: NEWC | T8: NEWC & DISC | U8: GAP NEWC | V8: HD PRICE (2) | W8: DES PRICE | X8: GAP ICI&NEW
C9: 6500 | D9: GAR | E9: TM (ar, %) | F9: IM | G9: TS ADB | H9: ASH ADB | I9: TS (%) | J9: Ash (%) | N9: =D10 -> 5000 | O9: 5000 | P9: DELTA | Q9: PRICE | R9: DELTA | S9: 6000 | T9: 5000 | U9: DELTA | W9: 23.5 | X9: DELTA
A10: Jan-15 | B10: 63.84 | C10: 65.476 | D10: 5000 | E10: 28 | F10: 13 | G10: 0.8 | H10: 8 | I10: =((100-E10)/(100-F10))*G10 -> 0.66206897 | J10: =((100-E10)/(100-F10))*H10 -> 6.6206897 | K10: =B10*(D10/$B$2)*((100-E10)/(100-$C$2)) -> 41.432702 | L10: 0 | M10: =((I10-$D$2)*4+(J10-$E$2)*0.4) -> -0.51944828 | N10: =K10-M10 -> 41.95215 | O10: 48.38 | P10: =O10-N10 -> 6.4278496 | Q10: =O10*0.9777 -> 47.301126 | R10: =Q10-N10 -> 5.3489756 | S10: 62.802 | T10: =(S10*$T$9/$S$9)*0.707 -> 37.000845 | U10: =T10-N10 -> -4.9513054 | V10: =(O10*0.5)+(T10*0.5) -> 42.690422 | W10: =V10+$W$9 -> 66.190422 | X10: =V10-N10 -> 0.73827211
A11: Feb-15 | B11: 62.92 | C11: 68.125 | D11: =D10 -> 5000 | E11: =E10 -> 28 | F11: =F10 -> 13 | G11: =G10 -> 0.8 | H11: =H10 -> 8 | I11: =((100-E11)/(100-F11))*G11 -> 0.66206897 | J11: =((100-E11)/(100-F11))*H11 -> 6.6206897 | K11: =B11*(D11/$B$2)*((100-E11)/(100-$C$2)) -> 40.835614 | L11: 0 | M11: =((I11-$D$2)*4+(J11-$E$2)*0.4) -> -0.51944828 | N11: =K11-M11 -> 41.355063 | O11: 48.7575 | P11: =O11-N11 -> 7.4024374 | Q11: =O11*0.9777 -> 47.670208 | R11: =Q11-N11 -> 6.3151452 | S11: 71.775 | T11: =(S11*$T$9/$S$9)*0.707 -> 42.287437 | U11: =T11-N11 -> 0.93237493 | V11: =(O11*0.5)+(T11*0.5) -> 45.522469 | W11: =V11+$W$9 -> 69.022469 | X11: =V11-N11 -> 4.1674062
A12: Mar-15 | B12: 67.76 | C12: 67.845 | D12: =D11 -> 5000 | E12: =E11 -> 28 | F12: =F11 -> 13 | G12: =G11 -> 0.8 | H12: =H11 -> 8 | I12: =((100-E12)/(100-F12))*G12 -> 0.66206897 | J12: =((100-E12)/(100-F12))*H12 -> 6.6206897 | K12: =B12*(D12/$B$2)*((100-E12)/(100-$C$2)) -> 43.976815 | L12: 0 | M12: =((I12-$D$2)*4+(J12-$E$2)*0.4) -> -0.51944828 | N12: =K12-M12 -> 44.496264 | O12: 48.43 | P12: =O12-N12 -> 3.9337363 | Q12: =O12*0.9777 -> 47.350011 | R12: =Q12-N12 -> 2.8537473 | S12: 62.87 | T12: =(S12*$T$9/$S$9)*0.707 -> 37.040908 | U12: =T12-N12 -> -7.4553553 | V12: =(O12*0.5)+(T12*0.5) -> 42.735454 | W12: =V12+$W$9 -> 66.235454 | X12: =V12-N12 -> -1.7608095
A13: Apr-15 | B13: 64.48 | C13: 64.2575 | D13: =D12 -> 5000 | E13: =E12 -> 28 | F13: =F12 -> 13 | G13: =G12 -> 0.8 | H13: =H12 -> 8 | I13: =((100-E13)/(100-F13))*G13 -> 0.66206897 | J13: =((100-E13)/(100-F13))*H13 -> 6.6206897 | K13: =B13*(D13/$B$2)*((100-E13)/(100-$C$2)) -> 41.848068 | L13: 0 | M13: =((I13-$D$2)*4+(J13-$E$2)*0.4) -> -0.51944828 | N13: =K13-M13 -> 42.367516 | O13: 47.45 | P13: =O13-N13 -> 5.0824842 | Q13: =O13*0.9777 -> 46.391865 | R13: =Q13-N13 -> 4.0243492 | S13: 58.5475 | T13: =(S13*$T$9/$S$9)*0.707 -> 34.494235 | U13: =T13-N13 -> -7.8732804 | V13: =(O13*0.5)+(T13*0.5) -> 40.972118 | W13: =V13+$W$9 -> 64.472118 | X13: =V13-N13 -> -1.3953981
A14: May-15 | B14: 61.08 | C14: 63.126 | D14: =D13 -> 5000 | E14: =E13 -> 28 | F14: =F13 -> 13 | G14: =G13 -> 0.8 | H14: =H13 -> 8 | I14: =((100-E14)/(100-F14))*G14 -> 0.66206897 | J14: =((100-E14)/(100-F14))*H14 -> 6.6206897 | K14: =B14*(D14/$B$2)*((100-E14)/(100-$C$2)) -> 39.641439 | L14: 0 | M14: =((I14-$D$2)*4+(J14-$E$2)*0.4) -> -0.51944828 | N14: =K14-M14 -> 40.160887 | O14: 45.694 | P14: =O14-N14 -> 5.5331131 | Q14: =O14*0.9777 -> 44.675024 | R14: =Q14-N14 -> 4.5141369 | S14: 60.066 | T14: =(S14*$T$9/$S$9)*0.707 -> 35.388885 | U14: =T14-N14 -> -4.7720019 | V14: =(O14*0.5)+(T14*0.5) -> 40.541443 | W14: =V14+$W$9 -> 64.041443 | X14: =V14-N14 -> 0.38055555
A15: Jun-15 | B15: 59.59 | C15: 62.135 | D15: =D14 -> 5000 | E15: =E14 -> 28 | F15: =F14 -> 13 | G15: =G14 -> 0.8 | H15: =H14 -> 8 | I15: =((100-E15)/(100-F15))*G15 -> 0.66206897 | J15: =((100-E15)/(100-F15))*H15 -> 6.6206897 | K15: =B15*(D15/$B$2)*((100-E15)/(100-$C$2)) -> 38.674416 | L15: 0 | M15: =((I15-$D$2)*4+(J15-$E$2)*0.4) -> -0.51944828 | N15: =K15-M15 -> 39.193864 | O15: 43.3325 | P15: =O15-N15 -> 4.1386357 | Q15: =O15*0.9777 -> 42.366185 | R15: =Q15-N15 -> 3.172321 | S15: 60.0975 | T15: =(S15*$T$9/$S$9)*0.707 -> 35.407444 | U15: =T15-N15 -> -3.7864205 | V15: =(O15*0.5)+(T15*0.5) -> 39.369972 | W15: =V15+$W$9 -> 62.869972 | X15: =V15-N15 -> 0.17610758
A16: Jul-15 | B16: 59.19 | C16: 61.262 | D16: =D15 -> 5000 | E16: =E15 -> 28 | F16: =F15 -> 13 | G16: =G15 -> 0.8 | H16: =H15 -> 8 | I16: =((100-E16)/(100-F16))*G16 -> 0.66206897 | J16: =((100-E16)/(100-F16))*H16 -> 6.6206897 | K16: =B16*(D16/$B$2)*((100-E16)/(100-$C$2)) -> 38.414813 | L16: 0 | M16: =((I16-$D$2)*4+(J16-$E$2)*0.4) -> -0.51944828 | N16: =K16-M16 -> 38.934261 | O16: 41.81 | P16: =O16-N16 -> 2.8757391 | Q16: =O16*0.9777 -> 40.877637 | R16: =Q16-N16 -> 1.9433761 | S16: 60.346 | T16: =(S16*$T$9/$S$9)*0.707 -> 35.553852 | U16: =T16-N16 -> -3.3804092 | V16: =(O16*0.5)+(T16*0.5) -> 38.681926 | W16: =V16+$W$9 -> 62.181926 | X16: =V16-N16 -> -0.25233507
A17: Aug-15 | B17: 59.14 | C17: 60.5925 | D17: =D16 -> 5000 | E17: =E16 -> 28 | F17: =F16 -> 13 | G17: =G16 -> 0.8 | H17: =H16 -> 8 | I17: =((100-E17)/(100-F17))*G17 -> 0.66206897 | J17: =((100-E17)/(100-F17))*H17 -> 6.6206897 | K17: =B17*(D17/$B$2)*((100-E17)/(100-$C$2)) -> 38.382362 | L17: 0 | M17: =((I17-$D$2)*4+(J17-$E$2)*0.4) -> -0.51944828 | N17: =K17-M17 -> 38.90181 | O17: 41.195 | P17: =O17-N17 -> 2.2931895 | Q17: =O17*0.9777 -> 40.276352 | R17: =Q17-N17 -> 1.374541 | S17: 58.6025 | T17: =(S17*$T$9/$S$9)*0.707 -> 34.52664 | U17: =T17-N17 -> -4.3751709 | V17: =(O17*0.5)+(T17*0.5) -> 37.86082 | W17: =V17+$W$9 -> 61.36082 | X17: =V17-N17 -> -1.0409907
A18: Sep-15 | B18: 58.21 | C18: 60.9025 | D18: =D17 -> 5000 | E18: =E17 -> 28 | F18: =F17 -> 13 | G18: =G17 -> 0.8 | H18: =H17 -> 8 | I18: =((100-E18)/(100-F18))*G18 -> 0.66206897 | J18: =((100-E18)/(100-F18))*H18 -> 6.6206897 | K18: =B18*(D18/$B$2)*((100-E18)/(100-$C$2)) -> 37.778784 | L18: 0 | M18: =((I18-$D$2)*4+(J18-$E$2)*0.4) -> -0.51944828 | N18: =K18-M18 -> 38.298233 | O18: 40.9175 | P18: =O18-N18 -> 2.6192674 | Q18: =O18*0.9777 -> 40.00504 | R18: =Q18-N18 -> 1.7068072 | S18: 57.585 | T18: =(S18*$T$9/$S$9)*0.707 -> 33.927162 | U18: =T18-N18 -> -4.3710701 | V18: =(O18*0.5)+(T18*0.5) -> 37.422331 | W18: =V18+$W$9 -> 60.922331 | X18: =V18-N18 -> -0.87590133
A19: Oct-15 | B19: 57.39 | C19: 60.178 | D19: =D18 -> 5000 | E19: =E18 -> 28 | F19: =F18 -> 13 | G19: =G18 -> 0.8 | H19: =H18 -> 8 | I19: =((100-E19)/(100-F19))*G19 -> 0.66206897 | J19: =((100-E19)/(100-F19))*H19 -> 6.6206897 | K19: =B19*(D19/$B$2)*((100-E19)/(100-$C$2)) -> 37.246597 | L19: 0 | M19: =((I19-$D$2)*4+(J19-$E$2)*0.4) -> -0.51944828 | N19: =K19-M19 -> 37.766046 | O19: 39.32 | P19: =O19-N19 -> 1.5539544 | Q19: =O19*0.9777 -> 38.443164 | R19: =Q19-N19 -> 0.67711839 | S19: 52.972 | T19: =(S19*$T$9/$S$9)*0.707 -> 31.209337 | U19: =T19-N19 -> -6.5567089 | V19: =(O19*0.5)+(T19*0.5) -> 35.264668 | W19: =V19+$W$9 -> 58.764668 | X19: =V19-N19 -> -2.5013773
A20: Nov-15 | B20: 54.43 | C20: 59.22 | D20: =D19 -> 5000 | E20: =E19 -> 28 | F20: =F19 -> 13 | G20: =G19 -> 0.8 | H20: =H19 -> 8 | I20: =((100-E20)/(100-F20))*G20 -> 0.66206897 | J20: =((100-E20)/(100-F20))*H20 -> 6.6206897 | K20: =B20*(D20/$B$2)*((100-E20)/(100-$C$2)) -> 35.325532 | L20: 0 | M20: =((I20-$D$2)*4+(J20-$E$2)*0.4) -> -0.51944828 | N20: =K20-M20 -> 35.84498 | O20: 38.3275 | P20: =O20-N20 -> 2.4825195 | Q20: =O20*0.9777 -> 37.472797 | R20: =Q20-N20 -> 1.6278163 | S20: 52.7575 | T20: =(S20*$T$9/$S$9)*0.707 -> 31.08296 | U20: =T20-N20 -> -4.7620201 | V20: =(O20*0.5)+(T20*0.5) -> 34.70523 | W20: =V20+$W$9 -> 58.20523 | X20: =V20-N20 -> -1.1397503
A21: Dec-15 | B21: 53.51 | C21: 58.7 | D21: =D20 -> 5000 | E21: =E20 -> 28 | F21: =F20 -> 13 | G21: =G20 -> 0.8 | H21: =H20 -> 8 | I21: =((100-E21)/(100-F21))*G21 -> 0.66206897 | J21: =((100-E21)/(100-F21))*H21 -> 6.6206897 | K21: =B21*(D21/$B$2)*((100-E21)/(100-$C$2)) -> 34.728444 | L21: 0 | M21: =((I21-$D$2)*4+(J21-$E$2)*0.4) -> -0.51944828 | N21: =K21-M21 -> 35.247893 | O21: 38.335 | P21: =O21-N21 -> 3.0871073 | Q21: =O21*0.9777 -> 37.48013 | R21: =Q21-N21 -> 2.2322368 | S21: 51.9575 | T21: =(S21*$T$9/$S$9)*0.707 -> 30.611627 | U21: =T21-N21 -> -4.6362656 | V21: =(O21*0.5)+(T21*0.5) -> 34.473314 | W21: =V21+$W$9 -> 57.973314 | X21: =V21-N21 -> -0.77457913
A22: Jan-16 | B22: 53.2 | C22: 57.956 | D22: =D21 -> 5000 | E22: =E21 -> 28 | F22: =F21 -> 13 | G22: =G21 -> 0.8 | H22: =H21 -> 8 | I22: =((100-E22)/(100-F22))*G22 -> 0.66206897 | J22: =((100-E22)/(100-F22))*H22 -> 6.6206897 | K22: =B22*(D22/$B$2)*((100-E22)/(100-$C$2)) -> 34.527252 | L22: 0 | M22: =((I22-$D$2)*4+(J22-$E$2)*0.4) -> -0.51944828 | N22: =K22-M22 -> 35.0467 | O22: 37.786 | P22: =O22-N22 -> 2.7393 | Q22: =O22*0.9777 -> 36.943372 | R22: =Q22-N22 -> 1.8966722 | S22: 48.802 | T22: =(S22*$T$9/$S$9)*0.707 -> 28.752512 | U22: =T22-N22 -> -6.2941884 | V22: =(O22*0.5)+(T22*0.5) -> 33.269256 | W22: =V22+$W$9 -> 56.769256 | X22: =V22-N22 -> -1.7774442
... A55: Oct-18 | B55: 100.89 | C55: 97.81 | D55: =D54 -> 5000 | E55: =E54 -> 28 | F55: =F54 -> 13 | G55: =G54 -> 0.8 | H55: =H54 -> 8 | I55: =((100-E55)/(100-F55))*G55 -> 0.66206897 | J55: =((100-E55)/(100-F55))*H55 -> 6.6206897 | K55: =B55*(D55/$B$2)*((100-E55)/(100-$C$2)) -> 65.478467 | L55: 0 | M55: =((I55-$D$2)*4+(J55-$E$2)*0.4) -> -0.51944828 | N55: =K55-M55 -> 65.997915 | O55: 52.8375 | P55: =O55-N55 -> -13.160415 | Q55: =O55*0.9777 -> 51.659224 | R55: =Q55-N55 -> -14.338691 | S55: 109.5175 | T55: =(S55*$T$9/$S$9)*0.707 -> 64.52406 | U55: =T55-N55 -> -1.4738546 | V55: =(O55*0.5)+(T55*0.5) -> 58.68078 | W55: =V55+$W$9 -> 82.18078 | X55: =V55-N55 -> -7.3171348
A56: 43422 | B56: 97.9 | C56: 95.016 | D56: =D55 -> 5000 | E56: =E55 -> 28 | F56: =F55 -> 13 | G56: =G55 -> 0.8 | H56: =H55 -> 8 | I56: =((100-E56)/(100-F56))*G56 -> 0.66206897 | J56: =((100-E56)/(100-F56))*H56 -> 6.6206897 | K56: =B56*(D56/$B$2)*((100-E56)/(100-$C$2)) -> 63.537931 | L56: 0 | M56: =((I56-$D$2)*4+(J56-$E$2)*0.4) -> -0.51944828 | N56: =K56-M56 -> 64.05738 | O56: 49.612 | P56: =O56-N56 -> -14.44538 | Q56: =O56*0.9777 -> 48.505652 | R56: =Q56-N56 -> -15.551727 | S56: 101.808 | T56: =(S56*$T$9/$S$9)*0.707 -> 59.98188 | U56: =T56-N56 -> -4.0754996 | V56: =(O56*0.5)+(T56*0.5) -> 54.79694 | W56: =V56+$W$9 -> 78.29694 | X56: =V56-N56 -> -9.2604396
A57: Dec-18 | B57: 92.51 | C57: 94.28 | D57: =D56 -> 5000 | E57: =E56 -> 28 | F57: =F56 -> 13 | G57: =G56 -> 0.8 | H57: =H56 -> 8 | I57: =((100-E57)/(100-F57))*G57 -> 0.66206897 | J57: =((100-E57)/(100-F57))*H57 -> 6.6206897 | K57: =B57*(D57/$B$2)*((100-E57)/(100-$C$2)) -> 60.039776 | L57: 0 | M57: =((I57-$D$2)*4+(J57-$E$2)*0.4) -> -0.51944828 | N57: =K57-M57 -> 60.559224 | O57: 46.695 | P57: =O57-N57 -> -13.864224 | Q57: =O57*0.9777 -> 45.653702 | R57: =Q57-N57 -> -14.905522 | S57: 101.865 | T57: =(S57*$T$9/$S$9)*0.707 -> 60.015462 | U57: =T57-N57 -> -0.54376134 | V57: =(O57*0.5)+(T57*0.5) -> 53.355231 | W57: =V57+$W$9 -> 76.855231 | X57: =V57-N57 -> -7.2039926
A58: Jan-19 | B58: 92.41 | C58: 97.0475 | D58: =D57 -> 5000 | E58: =E57 -> 28 | F58: =F57 -> 13 | G58: =G57 -> 0.8 | H58: =H57 -> 8 | I58: =((100-E58)/(100-F58))*G58 -> 0.66206897 | J58: =((100-E58)/(100-F58))*H58 -> 6.6206897 | K58: =B58*(D58/$B$2)*((100-E58)/(100-$C$2)) -> 59.974875 | L58: 0 | M58: =((I58-$D$2)*4+(J58-$E$2)*0.4) -> -0.51944828 | N58: =K58-M58 -> 60.494323 | O58: 49.01 | P58: =O58-N58 -> -11.484323 | Q58: =O58*0.9777 -> 47.917077 | R58: =Q58-N58 -> -12.577246 | S58: 99.0575 | T58: =(S58*$T$9/$S$9)*0.707 -> 58.361377 | U58: =T58-N58 -> -2.1329459 | V58: =(O58*0.5)+(T58*0.5) -> 53.685689 | W58: =V58+$W$9 -> 77.185689 | X58: =V58-N58 -> -6.8086345
A59: Feb-19 | B59: 91.8 | C59: 96.8725 | D59: =D58 -> 5000 | E59: =E58 -> 28 | F59: =F58 -> 13 | G59: =G58 -> 0.8 | H59: =H58 -> 8 | I59: =((100-E59)/(100-F59))*G59 -> 0.66206897 | J59: =((100-E59)/(100-F59))*H59 -> 6.6206897 | K59: =B59*(D59/$B$2)*((100-E59)/(100-$C$2)) -> 59.57898 | L59: 0 | M59: =((I59-$D$2)*4+(J59-$E$2)*0.4) -> -0.51944828 | N59: =K59-M59 -> 60.098428 | O59: 54.085 | P59: =O59-N59 -> -6.0134278 | Q59: =O59*0.9777 -> 52.878904 | R59: =Q59-N59 -> -7.2195233 | S59: 95.4425 | T59: =(S59*$T$9/$S$9)*0.707 -> 56.23154 | U59: =T59-N59 -> -3.8668882 | V59: =(O59*0.5)+(T59*0.5) -> 55.15827 | W59: =V59+$W$9 -> 78.65827 | X59: =V59-N59 -> -4.940158
A60: Mar-19 | B60: 90.57 | C60: 94.85 | D60: =D59 -> 5000 | E60: =E59 -> 28 | F60: =F59 -> 13 | G60: =G59 -> 0.8 | H60: =H59 -> 8 | I60: =((100-E60)/(100-F60))*G60 -> 0.66206897 | J60: =((100-E60)/(100-F60))*H60 -> 6.6206897 | K60: =B60*(D60/$B$2)*((100-E60)/(100-$C$2)) -> 58.780699 | L60: 0 | M60: =((I60-$D$2)*4+(J60-$E$2)*0.4) -> -0.51944828 | N60: =K60-M60 -> 59.300147 | O60: 56.076 | P60: =O60-N60 -> -3.2241474 | Q60: =O60*0.9777 -> 54.825505 | R60: =Q60-N60 -> -4.4746422 | S60: 93.134 | T60: =(S60*$T$9/$S$9)*0.707 -> 54.871448 | U60: =T60-N60 -> -4.428699 | V60: =(O60*0.5)+(T60*0.5) -> 55.473724 | W60: =V60+$W$9 -> 78.973724 | X60: =V60-N60 -> -3.8264232
A61: Apr-19 | B61: 88.85 | C61: 85.4225 | D61: =D60 -> 5000 | E61: =E60 -> 28 | F61: =F60 -> 13 | G61: =G60 -> 0.8 | H61: =H60 -> 8 | I61: =((100-E61)/(100-F61))*G61 -> 0.66206897 | J61: =((100-E61)/(100-F61))*H61 -> 6.6206897 | K61: =B61*(D61/$B$2)*((100-E61)/(100-$C$2)) -> 57.664404 | L61: 0 | M61: =((I61-$D$2)*4+(J61-$E$2)*0.4) -> -0.51944828 | N61: =K61-M61 -> 58.183853 | O61: 52.9775 | P61: =O61-N61 -> -5.2063528 | Q61: =O61*0.9777 -> 51.796102 | R61: =Q61-N61 -> -6.387751 | S61: 85.3225 | T61: =(S61*$T$9/$S$9)*0.707 -> 50.269173 | U61: =T61-N61 -> -7.9146798 | V61: =(O61*0.5)+(T61*0.5) -> 51.623336 | W61: =V61+$W$9 -> 75.123336 | X61: =V61-N61 -> -6.5605163
A62: May-19 | B62: 81.86 | C62: 83.388 | D62: =D61 -> 5000 | E62: =E61 -> 28 | F62: =F61 -> 13 | G62: =G61 -> 0.8 | H62: =H61 -> 8 | I62: =((100-E62)/(100-F62))*G62 -> 0.66206897 | J62: =((100-E62)/(100-F62))*H62 -> 6.6206897 | K62: =B62*(D62/$B$2)*((100-E62)/(100-$C$2)) -> 53.127835 | L62: 0 | M62: =((I62-$D$2)*4+(J62-$E$2)*0.4) -> -0.51944828 | N62: =K62-M62 -> 53.647283 | O62: 52.606 | P62: =O62-N62 -> -1.0412834 | Q62: =O62*0.9777 -> 51.432886 | R62: =Q62-N62 -> -2.2143972 | S62: 83.756 | T62: =(S62*$T$9/$S$9)*0.707 -> 49.346243 | U62: =T62-N62 -> -4.3010401 | V62: =(O62*0.5)+(T62*0.5) -> 50.976122 | W62: =V62+$W$9 -> 74.476122 | X62: =V62-N62 -> -2.6711617
A63: Jun-19 | B63: 81.48 | C63: 75.73 | D63: =D62 -> 5000 | E63: =E62 -> 28 | F63: =F62 -> 13 | G63: =G62 -> 0.8 | H63: =H62 -> 8 | I63: =((100-E63)/(100-F63))*G63 -> 0.66206897 | J63: =((100-E63)/(100-F63))*H63 -> 6.6206897 | K63: =B63*(D63/$B$2)*((100-E63)/(100-$C$2)) -> 52.881212 | L63: 0 | M63: =((I63-$D$2)*4+(J63-$E$2)*0.4) -> -0.51944828 | N63: =K63-M63 -> 53.40066 | O63: 49.62 | P63: =O63-N63 -> -3.7806602 | Q63: =O63*0.9777 -> 48.513474 | R63: =Q63-N63 -> -4.8871862 | S63: 71.1125 | T63: =(S63*$T$9/$S$9)*0.707 -> 41.897115 | U63: =T63-N63 -> -11.503546 | V63: =(O63*0.5)+(T63*0.5) -> 45.758557 | W63: =V63+$W$9 -> 69.258557 | X63: =V63-N63 -> -7.6421029
A64: Jul-19 | B64: 71.92 | C64: 74.2525 | D64: =D63 -> 5000 | E64: =E63 -> 28 | F64: =F63 -> 13 | G64: =G63 -> 0.8 | H64: =H63 -> 8 | I64: =((100-E64)/(100-F64))*G64 -> 0.66206897 | J64: =((100-E64)/(100-F64))*H64 -> 6.6206897 | K64: =B64*(D64/$B$2)*((100-E64)/(100-$C$2)) -> 46.676691 | L64: 0 | M64: =((I64-$D$2)*4+(J64-$E$2)*0.4) -> -0.51944828 | N64: =K64-M64 -> 47.196139 | O64: 48.995 | P64: =O64-N64 -> 1.798861 | Q64: =O64*0.9777 -> 47.902411 | R64: =Q64-N64 -> 0.7062725 | S64: 73.9625 | T64: =(S64*$T$9/$S$9)*0.707 -> 43.57624 | U64: =T64-N64 -> -3.6198994 | V64: =(O64*0.5)+(T64*0.5) -> 46.28562 | W64: =V64+$W$9 -> 69.78562 | X64: =V64-N64 -> -0.91051921
A65: Aug-19 | B65: 72.67 | C65: 69.266 | D65: =D64 -> 5000 | E65: =E64 -> 28 | F65: =F64 -> 13 | G65: =G64 -> 0.8 | H65: =H64 -> 8 | I65: =((100-E65)/(100-F65))*G65 -> 0.66206897 | J65: =((100-E65)/(100-F65))*H65 -> 6.6206897 | K65: =B65*(D65/$B$2)*((100-E65)/(100-$C$2)) -> 47.163447 | L65: 0 | M65: =((I65-$D$2)*4+(J65-$E$2)*0.4) -> -0.51944828 | N65: =K65-M65 -> 47.682895 | O65: 47.224 | P65: =O65-N65 -> -0.45889537 | Q65: =O65*0.9777 -> 46.170905 | R65: =Q65-N65 -> -1.5119906 | S65: 65.128 | T65: =(S65*$T$9/$S$9)*0.707 -> 38.371247 | U65: =T65-N65 -> -9.3116487 | V65: =(O65*0.5)+(T65*0.5) -> 42.797623 | W65: =V65+$W$9 -> 66.297623 | X65: =V65-N65 -> -4.885272
A66: Sep-19 | C66: 67.7575 | D66: =D65 -> 5000 | E66: =E65 -> 28 | F66: =F65 -> 13 | G66: =G65 -> 0.8 | H66: =H65 -> 8 | I66: =((100-E66)/(100-F66))*G66 -> 0.66206897 | J66: =((100-E66)/(100-F66))*H66 -> 6.6206897 | K66: =B66*(D66/$B$2)*((100-E66)/(100-$C$2)) -> 0 | L66: 0 | M66: =((I66-$D$2)*4+(J66-$E$2)*0.4) -> -0.51944828 | N66: =K66-M66 -> 0.51944828 | O66: 46.9725 | P66: =O66-N66 -> 46.453052 | Q66: =O66*0.9777 -> 45.925013 | R66: =Q66-N66 -> 45.405565 | S66: 65.5 | T66: =(S66*$T$9/$S$9)*0.707 -> 38.590417 | U66: =T66-N66 -> 38.070968 | V66: =(O66*0.5)+(T66*0.5) -> 42.781458 | W66: =V66+$W$9 -> 66.281458 | X66: =V66-N66 -> 42.26201
A67: Oct-19 | C67: 69.5425 | D67: =D66 -> 5000 | E67: =E66 -> 28 | F67: =F66 -> 13 | G67: =G66 -> 0.8 | H67: =H66 -> 8 | I67: =((100-E67)/(100-F67))*G67 -> 0.66206897 | J67: =((100-E67)/(100-F67))*H67 -> 6.6206897 | K67: =B67*(D67/$B$2)*((100-E67)/(100-$C$2)) -> 0 | L67: 0 | M67: =((I67-$D$2)*4+(J67-$E$2)*0.4) -> -0.51944828 | N67: =K67-M67 -> 0.51944828 | O67: 48.53 | P67: =O67-N67 -> 48.010552 | Q67: =O67*0.9777 -> 47.447781 | R67: =Q67-N67 -> 46.928333 | S67: 67.1125 | T67: =(S67*$T$9/$S$9)*0.707 -> 39.540448 | U67: =T67-N67 -> 39.021 | V67: =(O67*0.5)+(T67*0.5) -> 44.035224 | W67: =V67+$W$9 -> 67.535224 | X67: =V67-N67 -> 43.515776
A68: Nov-19 | C68: 69.58 | D68: =D67 -> 5000 | E68: =E67 -> 28 | F68: =F67 -> 13 | G68: =G67 -> 0.8 | H68: =H67 -> 8 | I68: =((100-E68)/(100-F68))*G68 -> 0.66206897 | J68: =((100-E68)/(100-F68))*H68 -> 6.6206897 | K68: =B68*(D68/$B$2)*((100-E68)/(100-$C$2)) -> 0 | L68: 0 | M68: =((I68-$D$2)*4+(J68-$E$2)*0.4) -> -0.51944828 | N68: =K68-M68 -> 0.51944828 | O68: 49.3 | P68: =O68-N68 -> 48.780552 | Q68: =O68*0.9777 -> 48.20061 | R68: =Q68-N68 -> 47.681162 | S68: 67.77 | T68: =(S68*$T$9/$S$9)*0.707 -> 39.927825 | U68: =T68-N68 -> 39.408377 | V68: =(O68*0.5)+(T68*0.5) -> 44.613912 | W68: =V68+$W$9 -> 68.113912 | X68: =V68-N68 -> 44.094464
A69: Dec-19 | C69: 69.1325 | D69: =D68 -> 5000 | E69: =E68 -> 28 | F69: =F68 -> 13 | G69: =G68 -> 0.8 | H69: =H68 -> 8 | I69: =((100-E69)/(100-F69))*G69 -> 0.66206897 | J69: =((100-E69)/(100-F69))*H69 -> 6.6206897 | K69: =B69*(D69/$B$2)*((100-E69)/(100-$C$2)) -> 0 | L69: 0 | M69: =((I69-$D$2)*4+(J69-$E$2)*0.4) -> -0.51944828 | N69: =K69-M69 -> 0.51944828 | O69: 49.465 | P69: =O69-N69 -> 48.945552 | Q69: =O69*0.9777 -> 48.361931 | R69: =Q69-N69 -> 47.842482 | S69: 66.5825 | T69: =(S69*$T$9/$S$9)*0.707 -> 39.22819 | U69: =T69-N69 -> 38.708741 | V69: =(O69*0.5)+(T69*0.5) -> 44.346595 | W69: =V69+$W$9 -> 67.846595 | X69: =V69-N69 -> 43.827147
A70: 43831 | C70: 69.036 | D70: =D69 -> 5000 | E70: =E69 -> 28 | F70: =F69 -> 13 | G70: =G69 -> 0.8 | H70: =H69 -> 8 | I70: =((100-E70)/(100-F70))*G70 -> 0.66206897 | J70: =((100-E70)/(100-F70))*H70 -> 6.6206897 | K70: =B70*(D70/$B$2)*((100-E70)/(100-$C$2)) -> 0 | L70: 0 | M70: =((I70-$D$2)*4+(J70-$E$2)*0.4) -> -0.51944828 | N70: =K70-M70 -> 0.51944828 | O70: 49.678 | P70: =O70-N70 -> 49.158552 | Q70: =O70*0.9777 -> 48.570181 | R70: =Q70-N70 -> 48.050732 | S70: 68.506 | T70: =(S70*$T$9/$S$9)*0.707 -> 40.361452 | U70: =T70-N70 -> 39.842003 | V70: =(O70*0.5)+(T70*0.5) -> 45.019726 | W70: =V70+$W$9 -> 68.519726 | X70: =V70-N70 -> 44.500278
A71: 43862 | C71: 69.6 | D71: =D70 -> 5000 | E71: =E70 -> 28 | F71: =F70 -> 13 | G71: =G70 -> 0.8 | H71: =H70 -> 8 | I71: =((100-E71)/(100-F71))*G71 -> 0.66206897 | J71: =((100-E71)/(100-F71))*H71 -> 6.6206897 | K71: =B71*(D71/$B$2)*((100-E71)/(100-$C$2)) -> 0 | L71: 0 | M71: =((I71-$D$2)*4+(J71-$E$2)*0.4) -> -0.51944828 | N71: =K71-M71 -> 0.51944828 | O71: 51.275 | P71: =O71-N71 -> 50.755552 | Q71: =O71*0.9777 -> 50.131568 | R71: =Q71-N71 -> 49.612119 | S71: 67.79 | T71: =(S71*$T$9/$S$9)*0.707 -> 39.939608 | U71: =T71-N71 -> 39.42016 | V71: =(O71*0.5)+(T71*0.5) -> 45.607304 | W71: =V71+$W$9 -> 69.107304 | X71: =V71-N71 -> 45.087856
A72: 43891 | C72: 67.7525 | D72: =D71 -> 5000 | E72: =E71 -> 28 | F72: =F71 -> 13 | G72: =G71 -> 0.8 | H72: =H71 -> 8 | I72: =((100-E72)/(100-F72))*G72 -> 0.66206897 | J72: =((100-E72)/(100-F72))*H72 -> 6.6206897 | K72: =B72*(D72/$B$2)*((100-E72)/(100-$C$2)) -> 0 | L72: 0 | M72: =((I72-$D$2)*4+(J72-$E$2)*0.4) -> -0.51944828 | N72: =K72-M72 -> 0.51944828 | O72: 47.245 | P72: =O72-N72 -> 46.725552 | Q72: =O72*0.9777 -> 46.191437 | R72: =Q72-N72 -> 45.671988 | S72: 66.5875 | T72: =(S72*$T$9/$S$9)*0.707 -> 39.231135 | U72: =T72-N72 -> 38.711687 | V72: =(O72*0.5)+(T72*0.5) -> 43.238068 | W72: =V72+$W$9 -> 66.738068 | X72: =V72-N72 -> 42.718619
A73: 43922 | C73: 62.156 | D73: =D72 -> 5000 | E73: =E72 -> 28 | F73: =F72 -> 13 | G73: =G72 -> 0.8 | H73: =H72 -> 8 | I73: =((100-E73)/(100-F73))*G73 -> 0.66206897 | J73: =((100-E73)/(100-F73))*H73 -> 6.6206897 | K73: =B73*(D73/$B$2)*((100-E73)/(100-$C$2)) -> 0 | L73: 0 | M73: =((I73-$D$2)*4+(J73-$E$2)*0.4) -> -0.51944828 | N73: =K73-M73 -> 0.51944828 | O73: 41.522 | P73: =O73-N73 -> 41.002552 | Q73: =O73*0.9777 -> 40.596059 | R73: =Q73-N73 -> 40.076611 | S73: 58.992 | T73: =(S73*$T$9/$S$9)*0.707 -> 34.75612 | U73: =T73-N73 -> 34.236672 | V73: =(O73*0.5)+(T73*0.5) -> 38.13906 | W73: =V73+$W$9 -> 61.63906 | X73: =V73-N73 -> 37.619612
A74: 43952 | C74: 55.8525 | D74: =D73 -> 5000 | E74: =E73 -> 28 | F74: =F73 -> 13 | G74: =G73 -> 0.8 | H74: =H73 -> 8 | I74: =((100-E74)/(100-F74))*G74 -> 0.66206897 | J74: =((100-E74)/(100-F74))*H74 -> 6.6206897 | K74: =B74*(D74/$B$2)*((100-E74)/(100-$C$2)) -> 0 | L74: 0 | M74: =((I74-$D$2)*4+(J74-$E$2)*0.4) -> -0.51944828 | N74: =K74-M74 -> 0.51944828 | O74: 38.775 | P74: =O74-N74 -> 38.255552 | Q74: =O74*0.9777 -> 37.910317 | R74: =Q74-N74 -> 37.390869 | S74: 52.855 | T74: =(S74*$T$9/$S$9)*0.707 -> 31.140404 | U74: =T74-N74 -> 30.620956 | V74: =(O74*0.5)+(T74*0.5) -> 34.957702 | W74: =V74+$W$9 -> 58.457702 | X74: =V74-N74 -> 34.438254
A75: 43983 | C75: 54.9725 | D75: =D74 -> 5000 | E75: =E74 -> 28 | F75: =F74 -> 13 | G75: =G74 -> 0.8 | H75: =H74 -> 8 | I75: =((100-E75)/(100-F75))*G75 -> 0.66206897 | J75: =((100-E75)/(100-F75))*H75 -> 6.6206897 | K75: =B75*(D75/$B$2)*((100-E75)/(100-$C$2)) -> 0 | L75: 0 | M75: =((I75-$D$2)*4+(J75-$E$2)*0.4) -> -0.51944828 | N75: =K75-M75 -> 0.51944828 | O75: 38.3025 | P75: =O75-N75 -> 37.783052 | Q75: =O75*0.9777 -> 37.448354 | R75: =Q75-N75 -> 36.928906 | S75: 52.4125 | T75: =(S75*$T$9/$S$9)*0.707 -> 30.879698 | U75: =T75-N75 -> 30.36025 | V75: =(O75*0.5)+(T75*0.5) -> 34.591099 | W75: =V75+$W$9 -> 58.091099 | X75: =V75-N75 -> 34.071651
